n,rmse_m,bias_m,mae_m,baseline_rmse_m,case_id,terrain_id,forcing_id,generalization,bias_squared_m2,spatial_centered_mse_m2,target_spatial_std_m,prediction_spatial_std_m,target_mean_m,prediction_mean_m,spatial_r
14363,0.1413178837340948,0.0030253750622824425,0.09703885254953379,0.4619472587032224,IT000289,T025,F001,new_island,9.152894267480493e-06,0.019961591368815652,0.27215209125641915,0.393446850712635,2.0103341086683253,2.013359483730608,0.9754888822483436
14363,0.1156857898464075,0.07789485088166923,0.1015275265005549,0.3041431303809445,IT000290,T025,F002,new_island,0.006067607793877485,0.007315594178509677,0.1688491830437348,0.2316479921398533,1.9509765690273373,2.0288714199090063,0.9568959904419654
14363,0.11418506708907802,0.10312790446144736,0.10669388789077958,0.21022108944813903,IT000291,T025,F003,new_island,0.010635364678609415,0.002402864867527836,0.1247680083944417,0.15008118707852208,0.9650567996021989,1.0681847040636463,0.9529485521408201
14363,0.09024663610848346,0.07174695457728603,0.08196808279602256,0.24930392685847802,IT000293,T025,F005,new_island,0.0051476254911151445,0.0029968298377818867,0.15560160733465783,0.15472683146772212,1.0736819695050293,1.1454289240823154,0.9377783580538342
14363,0.09683197026802755,0.0374199089153326,0.07377504901447593,0.42767841354997804,IT000294,T025,F006,new_island,0.0014002495832317885,0.007976180882756381,0.26602016950311375,0.30283735949987617,2.4565760594545814,2.4939959683699136,0.9589088511579336
14363,0.10173897292427807,0.06680376882287675,0.08984831845657429,0.1677660971088267,IT000295,T025,F007,new_island,0.00446274352894036,0.005888075082746625,0.11681538485497994,0.17146167924020608,0.6831936588132065,0.7499974276360832,0.9275599096539277
14363,0.14841372210196221,0.12996338709554406,0.13173300994030834,1.0329998580348672,IT000296,T025,F008,new_island,0.016890481985346227,0.00513615092281224,0.2076871364468093,0.16294269020612404,1.0119064976837435,1.1418698847792876,0.953694097037869
14363,0.11930946865861783,0.09575080158063017,0.10705050612406039,0.2293425298599377,IT000297,T025,F009,new_island,0.009168216003333209,0.0050665333082685025,0.14204134989244946,0.19524464924499577,1.1256578723080874,1.2214086738887175,0.9596877856766115
14363,0.09040557966461338,0.06684674793862266,0.07424337967977623,0.23155587732096655,IT000298,T025,F010,new_island,0.004468487709969753,0.003704681124525003,0.1643038043806562,0.1996481062304719,1.5105519431732606,1.5773986911118831,0.9625725438415486
14363,0.1262253463900422,0.062472592654114006,0.1029241057424702,0.2920349708509009,IT000299,T025,F011,new_island,0.0039028248329268595,0.012030013238359278,0.2951727064347828,0.37253536034448936,2.2030768873396833,2.2655494799937976,0.9725131493381047
14382,0.1075244472286852,0.04267796836539579,0.08665546393787359,0.4664819476528111,IT000301,T026,F001,new_island,0.0018214089837977235,0.009740097768036584,0.28638221782373435,0.3644102387977635,1.993713457937732,2.0363914263031275,0.9825042914780145
14382,0.09997069964879073,0.07836140549977787,0.08867601046843517,0.301456043010573,IT000302,T026,F002,new_island,0.0061405098719006165,0.00385363091636811,0.18645383488824255,0.22900546173186656,1.9627325539887075,2.0410939594884856,0.9760768106196206
14382,0.11695494828831299,0.11162340948950049,0.11186035241641051,0.22058957225998835,IT000303,T026,F003,new_island,0.012459785546060708,0.0012186743830612573,0.1226466013370679,0.13405414863550916,0.9515966383273803,1.0632200478168807,0.9668960729141334
14382,0.08365275656543995,0.07311266277126834,0.07760103348191368,0.25038737064871874,IT000305,T026,F005,new_island,0.005345461457505207,0.0016523222234915494,0.14224493832979584,0.13741818609190118,1.0704713909740557,1.1435840537453241,0.9583306585255753
14382,0.09328689999965398,0.06552135969543636,0.07834941881797258,0.42077754518737476,IT000306,T026,F006,new_island,0.004293048576338753,0.004409397135206689,0.2870867591216016,0.3212768465792287,2.430993087044753,2.4965144467401896,0.9824336822214664
14382,0.09203592316759342,0.06950853288043127,0.08034223568162224,0.17410073144517263,IT000307,T026,F007,new_island,0.004831436143189994,0.003639175010121163,0.10453184550956164,0.15003808119494846,0.6695595260752523,0.7390680589556835,0.9500005811277972
14382,0.10497715877195848,0.08802996236406668,0.09447958982963918,0.21429687274959122,IT000309,T026,F009,new_island,0.0077492742738189966,0.003270929590013984,0.14753116157545387,0.17950291553140177,1.1548341631302912,1.2428641254943578,0.9575426081229228
14382,0.10326793505175448,0.08859220444803824,0.08989997035608124,0.2401377846424587,IT000310,T026,F010,new_island,0.007848578688963007,0.0028156877208903772,0.18496411066352897,0.20862813530692484,1.5159519945262636,1.604544198974302,0.9707725236244128
14382,0.09026439032937776,0.06875885197896152,0.08037891992067465,0.2788407101886079,IT000311,T026,F011,new_island,0.00472777972546474,0.0034198804360695235,0.30643231742506133,0.33826740610748046,2.2273374942936,2.2960963462725617,0.9883923455859978
14172,0.10913519652655812,0.030460547871368267,0.08656278780640231,0.4925931360411674,IT000313,T027,F001,new_island,0.0009278449766239178,0.010982646144266549,0.31263639267992116,0.3968208602258376,1.9960865498308304,2.0265470977021987,0.9842995268416845
14172,0.1118435729665045,0.09270679896669538,0.10011083722711787,0.3236953952701961,IT000314,T027,F002,new_island,0.008594550574651272,0.0039144342392625426,0.1928920575886023,0.22530278342425053,1.9504284414213289,2.043135240388024,0.9670497325249752
14172,0.12841238488542273,0.12319178849610103,0.1234194252586385,0.2358120023186613,IT000315,T027,F003,new_island,0.01517621675286809,0.0013135238390938541,0.1408958714689028,0.14333549642124127,0.9422685446949992,1.0654603331911001,0.9676269500782034
14172,0.10712092967445415,0.09450556606899672,0.0983888349203262,0.2761956416156069,IT000317,T027,F005,new_island,0.008931302018021505,0.002543591556297848,0.16848134101848514,0.1441808889498327,1.0495992178455387,1.1441047839145353,0.9597995943446498
14172,0.08410318989729987,0.05700493295449104,0.06733232210020948,0.42067443735682136,IT000318,T027,F006,new_island,0.003249562381146019,0.003823784169755262,0.2759247692457447,0.2964021843997666,2.418869260836297,2.475874193790788,0.9791864526131724
14172,0.1033520190839978,0.0796412630351021,0.08947153125224294,0.18452396261968312,IT000319,T027,F007,new_island,0.006342730777826321,0.004338909070912722,0.12526327608054516,0.171972903747923,0.6662669638663345,0.7459082269014367,0.9499319738861085
14172,0.12406472285835815,0.11275000566673958,0.11513328453304571,0.25162604754615364,IT000321,T027,F009,new_island,0.012712563777849807,0.0026794916800714063,0.1643144860958944,0.19406682932880462,1.121792842839318,1.2345428485060577,0.9718657451062626
14172,0.11271761625977823,0.09356243729770379,0.09692010657477787,0.23732957733675694,IT000322,T027,F010,new_island,0.008753929673086754,0.003951331342199871,0.1848956342468312,0.21627025995014512,1.5061440630974299,1.5997065003951336,0.9629012862853541
14172,0.10162678636291468,0.0768300095668224,0.08887338410561414,0.3133832673654692,IT000323,T027,F011,new_island,0.005902850370038021,0.00442515333641548,0.3266982082209924,0.3564179431396832,2.214251744393454,2.291081753960276,0.9847910635106057
14475,0.13832604755216635,-0.009758852391868881,0.08242159905726017,0.4279821478287226,IT000325,T028,F001,new_island,9.523520000628499e-05,0.019038860231397902,0.22274506048622084,0.3380192268440831,2.0286188660003566,2.0188600136084878,0.9618105631326002
14475,0.12712392415913093,0.06119984315853045,0.10533725461374087,0.28132617064046855,IT000326,T028,F002,new_island,0.0037454208026287262,0.012415071290987748,0.1689798141793527,0.25522249108561096,1.9472164032581247,2.008416246416655,0.9422957759754355
14475,0.09750452238939813,0.08085121562855643,0.08981852944033134,0.15795508337624678,IT000327,T028,F003,new_island,0.006536919068615328,0.0029702128177693118,0.09882036821785371,0.1350668325292489,1.0170007131239704,1.097851928752527,0.9379500001560527
14475,0.06165635648619302,0.02722008741478434,0.047494617382479454,0.17605874525137288,IT000329,T028,F005,new_island,0.0007409331588685008,0.003060573136284015,0.12895842962626672,0.14407363726230504,1.1474827979173068,1.174702885332091,0.9237842216347236
14475,0.12113612490649912,0.014756091446559459,0.0748239680918799,0.4629246740822119,IT000330,T028,F006,new_island,0.0002177422347792252,0.014456218522583733,0.31542412961060046,0.36196217169610306,2.4994643473012665,2.514220438747826,0.9461756301791476
14475,0.07771920230152275,0.04725839397861962,0.06614810235553867,0.12559874379674044,IT000331,T028,F007,new_island,0.002233355801438431,0.003806918604946588,0.09537908124306509,0.13918466019132705,0.7281914061884395,0.775449800167059,0.9288909047203671
14475,0.10124816653743246,0.07633558377186045,0.0870496631090711,0.195434684360852,IT000333,T028,F009,new_island,0.005827121349790724,0.004424069877400932,0.13730777691934248,0.17314014827975568,1.1413313171869732,1.2176669009588337,0.9339577152697319
14475,0.07507529129558155,0.043108944451703414,0.05738493755839392,0.23225056498068192,IT000334,T028,F010,new_island,0.0018583810917400505,0.0037779182713763705,0.14523704089248368,0.18006593445457167,1.5135850176071692,1.5566939620588727,0.9509627836323598
14475,0.16304785048949,0.05590750809160539,0.12205948959360469,0.3008725733772256,IT000335,T028,F011,new_island,0.003125649461012922,0.023458952088230164,0.2531240197861248,0.36316845453374497,2.156585141233006,2.2124926493246115,0.9382704941961968
14463,0.20203665839499835,0.0418736733066556,0.1567525534650984,0.12706123600490035,IT000337,T001,F013,new_forcing,0.0017534045161925215,0.03906540681922475,0.09020673529139975,0.26259359727035975,0.8707410522175678,0.9126147255242234,0.8026787689694578
14463,0.5174283312965751,-0.4748634335027356,0.4758452790944044,0.48520080294609996,IT000338,T001,F014,new_forcing,0.22549528047800696,0.04223679755035127,0.16118164786911532,0.21147845948322933,2.297649951214461,1.8227865177117253,0.4175540094959437
14463,0.9011257431929662,-0.8855200376105837,0.8857056522461287,0.18028650771686008,IT000339,T001,F015,new_forcing,0.7841457370098496,0.027881868035225955,0.20929299794774625,0.1562488499799638,2.1581201734130646,1.2726001358024808,0.6167153813444833
14043,0.21508056829485717,0.06790506531261128,0.1672839768509987,0.181406072257115,IT000341,T002,F013,new_forcing,0.004611097895110004,0.04164855296292872,0.13916750243250825,0.28564055342036265,0.833123526263422,0.9010285915760333,0.7459969557232994
14043,0.5430478292641994,-0.4800721487098165,0.4811044642614867,0.4402334269011193,IT000342,T002,F014,new_forcing,0.23046926796686018,0.0644316769016989,0.2520748964759752,0.23776926452507866,2.2483803295503653,1.7683081808405487,0.4642002535748309
14043,0.8074671917472961,-0.7751462556653078,0.7755970728409147,0.2987128089412907,IT000343,T002,F015,new_forcing,0.6008517176719468,0.051151548076317645,0.3428826497852904,0.2080027109229881,2.021820282413818,1.2466740267485101,0.768937818647287
14212,0.22766750462757188,0.058137598586688904,0.1710004500406219,0.1828133469890194,IT000345,T003,F013,new_forcing,0.0033799803694269715,0.0484525122939185,0.14613241807168273,0.30688382761526406,0.8512046814453441,0.909342280032033,0.7478965784095846
14212,0.5662680662785101,-0.5049550062883724,0.5063871661090503,0.4160137323254118,IT000346,T003,F014,new_forcing,0.25497955837569025,0.06567996451111287,0.26524184626768443,0.2290176669814343,2.2110027503940444,1.706047744105672,0.47018108137364356
14212,0.7641197740770935,-0.7419942107933393,0.7420614908656167,0.3308249959335061,IT000347,T003,F015,new_forcing,0.5505554088508304,0.03332362028479814,0.3231173343032269,0.229897994938018,1.9750881726192213,1.233093961825882,0.8341919793991494
13832,0.23067119386140436,0.12120861221565943,0.17361021479629432,0.22795664358924306,IT000349,T004,F013,new_forcing,0.014691527675246103,0.038517672002199486,0.16131747308241998,0.2962771613213486,0.7908671106717632,0.9120757228874226,0.7875960956349144
13832,0.521319537587196,-0.4565543485560307,0.4576068850723782,0.3977317273046589,IT000350,T004,F014,new_forcing,0.2084418731854216,0.06333218708470614,0.28903994515302206,0.26347857907407723,2.173805448472793,1.717251099916762,0.5884832433704043
13832,0.7759149381448373,-0.7318197155741359,0.7321111930298855,0.3673880460007545,IT000351,T004,F015,new_forcing,0.5355600961030093,0.06648389513329733,0.3996074833297863,0.22402013753192837,1.9792142225577005,1.2473945069835646,0.8008661193423591
14328,0.20014838652004677,0.042881914783406444,0.15376666908000042,0.14744086655542227,IT000353,T005,F013,new_forcing,0.0018388586154913322,0.03822051801108671,0.11545818843008064,0.24493293461782023,0.8545581440158949,0.8974400587993014,0.6206298147169726
14328,0.538923944840663,-0.48691572979225717,0.48780271193165475,0.4967077575713828,IT000354,T005,F014,new_forcing,0.2370869279191264,0.05335209040349558,0.22162469076472346,0.22367240128795743,2.3054211537646454,1.8185054239723883,0.4619077119447178
14328,0.8678524591693735,-0.8417876688659499,0.8420253467362838,0.23634995907822517,IT000355,T005,F015,new_forcing,0.7086064794547702,0.044561411431558944,0.29325272431322574,0.17858429453708424,2.1064059326444955,1.2646182637785457,0.7000919976171247
14122,0.23302986098805495,0.0428822194053961,0.17020037530641383,0.17075324350499815,IT000357,T006,F013,new_forcing,0.0018388847411325297,0.052464031370979686,0.14576556941176577,0.30428218742895946,0.8730902931428871,0.9159725125482832,0.6918361863788215
14122,0.5691736163016077,-0.5045086847154737,0.5073393337505597,0.45628758445385054,IT000358,T006,F014,new_forcing,0.25452901295333724,0.06942959254051252,0.2928672603289536,0.22716386953576728,2.2412617510168027,1.7367530663013289,0.5106435247454276
14122,0.7648390223630973,-0.7441506127950457,0.7443070223513025,0.3332349785564838,IT000359,T006,F015,new_forcing,0.553760134523242,0.03121859560609663,0.3151774315065952,0.22297293640927618,1.97887923388158,1.2347286210865345,0.8383735940963775
14253,0.18642942377120023,0.056245759308823265,0.1379679652214644,0.16113998145881467,IT000361,T007,F013,new_forcing,0.003163585440226079,0.03159234460743568,0.13995897098658341,0.2666358157783651,0.8753824539496707,0.931628213258494,0.7917185995111717
14253,0.5837827179585742,-0.524201988667879,0.5260051028093505,0.4638400694111678,IT000362,T007,F014,new_forcing,0.2747877249233592,0.06601453686374092,0.28570462466922963,0.20666971631907483,2.268539737449239,1.7443377487813598,0.4938901842532103
14253,0.743782005975834,-0.7164360268224058,0.7165962973766258,0.32350294804799784,IT000363,T007,F015,new_forcing,0.513280580529075,0.03993109188436065,0.30374909887583207,0.20331762497286934,1.9501112573675246,1.2336752305451189,0.7583727562785131
13759,0.18687392779158532,0.05342109690591107,0.1439422206153499,0.18839529172271663,IT000365,T008,F013,new_forcing,0.002853813594630741,0.0320680512936239,0.15578388687613562,0.285613714560163,0.8495476080320092,0.9029687049379204,0.829052657147795
13759,0.5646267863516035,-0.4972482269379525,0.500029828866198,0.4292605459524288,IT000366,T008,F014,new_forcing,0.24725579919293753,0.0715476086728018,0.2962758934359226,0.23242436484156934,2.2248359236610917,1.7275876967231392,0.5101010042331897
13759,0.7573178243110275,-0.725696672977113,0.7265225216303378,0.3514805677821419,IT000367,T008,F015,new_forcing,0.526635661170051,0.0468946258491373,0.3501072537764432,0.22377514075462662,1.9528633579736325,1.2271666849965195,0.802573842519406
13778,0.1993222713680611,0.07879227252496199,0.15073723454768667,0.1749038661719462,IT000369,T009,F013,new_forcing,0.00620822220964788,0.0335211456536751,0.1447213003777378,0.2822923689142814,0.8538239025769736,0.9326161751019356,0.8213706461233689
13778,0.590747063393755,-0.5343073852193154,0.536568609521762,0.4287058399322663,IT000370,T009,F014,new_forcing,0.28548438189990194,0.06349771100844327,0.28736692449760154,0.21515802748108712,2.241631681657057,1.7073242964377413,0.5286734153670618
13778,0.7231556738853416,-0.6894638021405592,0.6905797497368132,0.34228542222718966,IT000371,T009,F015,new_forcing,0.47536033446211623,0.04759379421044648,0.32557738319129653,0.21753068976934128,1.9131816469434644,1.2237178448029051,0.7464123987993857
14374,0.22121570643599428,0.0720323860578947,0.1706462758330853,0.16999975582368157,IT000373,T010,F013,new_forcing,0.005188664641193583,0.04374772413278241,0.12806269721055727,0.27741447786800466,0.8368280375615038,0.9088604236193986,0.6982280527354875
14374,0.5462014328528869,-0.487259744948881,0.48783082660446747,0.4488484362765916,IT000374,T010,F014,new_forcing,0.2374220590476486,0.0609139462028981,0.23427582822305906,0.22469812518608487,2.2607963576973007,1.7735366127484198,0.42229610296834136
14374,0.8166086178074655,-0.7866761240409978,0.7868142901536601,0.27104426855513986,IT000375,T010,F015,new_forcing,0.6188593241361674,0.04799031054125181,0.3221454403177417,0.194571772939175,2.042693486084473,1.2560173620434751,0.7470081146359963
14250,0.2462733078371403,0.02635214342359911,0.18345959918959098,0.1557516479013645,IT000377,T011,F013,new_forcing,0.0006944354630179378,0.05995610669002894,0.12575813304926506,0.30289908305622815,0.8741656168145046,0.9005177602381037,0.6248927186145359
14250,0.5349020940484434,-0.47199398340833815,0.4738622069113087,0.45133012944750733,IT000378,T011,F014,new_forcing,0.2227783203736706,0.06334192984373918,0.23252393070796407,0.22129343820288566,2.2429264149524664,1.7709324315441282,0.38572973803392907
14250,0.8290342463776398,-0.8121609818977222,0.8123121370181703,0.27237677583859765,IT000379,T011,F015,new_forcing,0.6596054605170723,0.027692321149868852,0.2805023878496952,0.20980956374005177,2.0663571233142886,1.2541961414165663,0.8071874063564641
14089,0.21738731851155876,0.07378485135454334,0.16520409008205272,0.2016694833269009,IT000381,T012,F013,new_forcing,0.005444204289412056,0.04181304196023385,0.15577806266758848,0.31058746904778634,0.8299025993507846,0.9036874507053279,0.815563368599325
14089,0.5493160654286662,-0.48415521302788156,0.485323768832248,0.3974185482718228,IT000382,T012,F014,new_forcing,0.23440627030207337,0.06734186943595727,0.27504765431695755,0.23775677750624516,2.18624848859467,1.7020932755667886,0.4957426353222694
14089,0.7628146218034187,-0.7325700401807155,0.7327140709232578,0.35210280757741774,IT000383,T012,F015,new_forcing,0.5366588637703751,0.04522728346671764,0.3563243853554742,0.2302473633803337,1.9662993839016545,1.2337293437209391,0.8212403416990178
14467,0.21356991215956792,0.032829574668183724,0.16255257079863034,0.11408431217274423,IT000385,T013,F013,new_forcing,0.0010777809728938505,0.044534326406951714,0.10286553211308597,0.27459064112109166,0.89900863980212,0.9318382144703037,0.7336815833103516
14467,0.5814406215189059,-0.5232831215083068,0.5241729635432422,0.5052532727566783,IT000386,T013,F014,new_forcing,0.27382522525547737,0.06424797109681418,0.21759131040068042,0.1838688743726292,2.333647193215783,1.810364071707476,0.21127844964163506
14467,0.8328515096174176,-0.8099467451911745,0.8101155295676563,0.20881770710656467,IT000387,T013,F015,new_forcing,0.6560137300457773,0.03762790702623408,0.24225466663590872,0.16289564776540044,2.058098297590638,1.2481515523994637,0.6030374806668949
14208,0.2260774440044291,0.05430567965985419,0.17657068574083717,0.15689457137233936,IT000389,T014,F013,new_forcing,0.002949106843318701,0.04816190384425709,0.13316340852836153,0.2877908507494467,0.8621867238035266,0.9164924034633808,0.6835826440644893
14208,0.562915941426873,-0.49828020336687445,0.4997728421664293,0.46850789966873213,IT000390,T014,F014,new_forcing,0.24828316106733375,0.06859119604516899,0.25912268515414966,0.21383885826742752,2.286738179007394,1.7884579756405197,0.3995671208982159
14208,0.7940520340613824,-0.7588750585097702,0.7592595178803832,0.2860817726001738,IT000391,T014,F015,new_forcing,0.5758913544282072,0.0546272783688115,0.32288325651605276,0.18268991794612158,2.0051053036014794,1.246230245091709,0.7035550165953289
13721,0.22885184816323498,0.12934661791066318,0.17154433861918947,0.23363192972164143,IT000393,T015,F013,new_forcing,0.016730547564927093,0.03564262084280126,0.1615214631890002,0.29805714787151355,0.7851481471132253,0.9144947650238886,0.8234347724848935
13721,0.5210456403220346,-0.4584811506706701,0.4592994495742493,0.3802658988902951,IT000394,T015,F014,new_forcing,0.21020496552030168,0.06128359377829737,0.279982428129958,0.2644989819950699,2.155804524663395,1.6973233739927245,0.5878482123626394
13721,0.7712344514429931,-0.728631217567803,0.7290024142724573,0.36751788080352793,IT000395,T015,F015,new_forcing,0.5309034512143391,0.0638991278782352,0.39523587215513467,0.226255835760282,1.975357137706787,1.246725920138984,0.8023757148231324
14084,0.18085212633204115,0.05451208293555398,0.13297719258319896,0.1507157910737329,IT000397,T016,F013,new_forcing,0.002971567185972715,0.029735924412847864,0.12912207583589777,0.25760697242152475,0.8775415823098459,0.9320536652453999,0.8011656140313871
14084,0.6009592663971957,-0.5483930766213769,0.5500054709654058,0.459856788592739,IT000398,T016,F014,new_forcing,0.3007349664862594,0.06041707338239615,0.26257895305189105,0.20407632779082213,2.277328843758985,1.7289357671376082,0.468197306377106
14084,0.7508282268386325,-0.7283449529314948,0.7293088588058457,0.29467036197460167,IT000399,T016,F015,new_forcing,0.5304863704607814,0.03325665575686342,0.28071647948470424,0.21023579117149774,1.957017363848689,1.228672410917194,0.7603292649105106
14061,0.2256755760544598,0.10016911605663265,0.16945774447556775,0.2090867707842043,IT000401,T017,F013,new_forcing,0.01003385181156714,0.040895613815945114,0.15065539220744203,0.2795022007505684,0.8043949472487512,0.9045640633053837,0.7115296691472656
14061,0.5135658527168702,-0.4520809070928008,0.453004099141991,0.4392825805895226,IT000402,T017,F014,new_forcing,0.20437714655784958,0.05937273851895635,0.28705580197452624,0.26195232591594475,2.2127652327702894,1.7606843256774884,0.6093981994085013
14061,0.8097822428106403,-0.7703612978491278,0.7704912967620652,0.33280634460071185,IT000403,T017,F015,new_forcing,0.5934565292237926,0.062290751547638065,0.3806729156820667,0.212192156280906,2.0257248951940956,1.2553635973449677,0.7901290832269519
14255,0.21721269255338446,0.062278446995482364,0.16647553282692867,0.12965689975325778,IT000405,T018,F013,new_forcing,0.0038786049601691065,0.04330274884612202,0.11549670526004002,0.28136185025648647,0.8882505350826247,0.9505289820781071,0.7570266443656032
14255,0.5884355580273991,-0.5367086094524809,0.5382834080158514,0.4853992048014797,IT000406,T018,F014,new_forcing,0.28805613146041564,0.05820027449060091,0.24237535485270836,0.19104390166507085,2.3138857845646883,1.7771771751122072,0.3999983127494377
14255,0.7706846931975806,-0.7412059072066675,0.7422027472360893,0.2567278980331603,IT000407,T018,F015,new_forcing,0.5493861968780589,0.04456869945098979,0.27092435104891605,0.17776571125704105,1.9834149475433833,1.2422090403367159,0.6273943377478206
13793,0.2379393292689115,0.06935381307011759,0.18182009486873846,0.20933250814121898,IT000409,T019,F013,new_forcing,0.004809951387364814,0.05180517302557467,0.16410747611255994,0.3180585735854988,0.832487666221437,0.9018414792915546,0.7307806555100804
13793,0.5290806519207734,-0.4594554778806693,0.46171498407003353,0.39716842515625567,IT000410,T019,F014,new_forcing,0.2110993361545542,0.06882700008235636,0.2850922279439125,0.24815278681930503,2.163471202008258,1.7040157241275888,0.5232093199113035
13793,0.7639267002671551,-0.7339256329547414,0.7342070938334251,0.3696445925635109,IT000411,T019,F015,new_forcing,0.5386468347080179,0.044937168673046084,0.36673331312097673,0.23081920079373133,1.9764760257159706,1.2425503927612291,0.843680997228582
13974,0.22125605135208637,0.10693611289478899,0.16799964238834197,0.21489975510069048,IT000413,T020,F013,new_forcing,0.011435332241047057,0.03751890801887002,0.14858330321854957,0.3030867893806066,0.8015808064255426,0.9085169193203316,0.8484734756569865
13974,0.5000736083517846,-0.44253407706962017,0.44332897251825637,0.3999561401939363,IT000414,T020,F014,new_forcing,0.19583640936786054,0.05423720440211354,0.2498732076351082,0.26395335845572954,2.178046885103145,1.735512808033525,0.5903338765206806
13974,0.8106606372636846,-0.778251710616418,0.7783749876862451,0.3208984107554595,IT000415,T020,F015,new_forcing,0.6056757250773808,0.05149494373138257,0.35707618366908284,0.2160345335943562,2.03223654083962,1.253984830223202,0.7951654501599364
13887,0.2081168162598013,0.0668322370773435,0.16021193521419344,0.18836771070032013,IT000417,T021,F013,new_forcing,0.004466547912762246,0.03884606129735364,0.14227494315471742,0.2806796357958589,0.8267470713595644,0.8935793084369079,0.7534637086646866
13887,0.5158520730411298,-0.45221440141302055,0.45354755653940665,0.4464241272641735,IT000418,T021,F014,new_forcing,0.20449786484533647,0.06160549641549458,0.2655430790039168,0.24907550684465415,2.2378792420897184,1.785664840676698,0.5363315798473186
13887,0.8295855671204203,-0.7967441047787186,0.7973072272572832,0.30350844009528244,IT000419,T021,F015,new_forcing,0.6348011684996417,0.05341104467486778,0.3521509249614939,0.2091697759560285,2.0460384609046933,1.2492943561259748,0.7762168372321256
14064,0.2054554997978134,0.07983830463950681,0.14827974770955563,0.1893519769895841,IT000421,T022,F013,new_forcing,0.006374154887710694,0.035837807509458613,0.13597704521079343,0.23912602443362257,0.8152850119103555,0.8951233165498623,0.6125235784575295
14064,0.5146055353004754,-0.4617748172801153,0.46261948772702915,0.48659995935038014,IT000422,T022,F014,new_forcing,0.2132359818740839,0.05158287508780496,0.2650341923164043,0.2541785084404525,2.265424234420697,1.8036494171405815,0.6180192344130947
14064,0.8646237341906076,-0.8316034376067645,0.8318088751588762,0.2853175254499599,IT000423,T022,F015,new_forcing,0.6915642774393879,0.05600992428632274,0.3419666894394063,0.19321412371919952,2.098611084245298,1.2670076466385334,0.7435964464111048
14374,0.20603762891003632,0.05485976392594252,0.15755477140076937,0.15040980949290936,IT000425,T023,F013,new_forcing,0.0030095936980101446,0.03944191082885969,0.10633921793115829,0.2767908650385579,0.85264289245026,0.9075026563762026,0.8235332575425244
14374,0.5025486835933308,-0.45820089874661346,0.4592531790454845,0.4777170761991731,IT000426,T023,F014,new_forcing,0.20994806361220433,0.04260711576918536,0.19076504035371972,0.22922972651440723,2.2754603609902992,1.817259462243686,0.5297449434987883
14374,0.890013011913812,-0.8707043365187268,0.870856441673515,0.21350609028221806,IT000427,T023,F015,new_forcing,0.7581260416325163,0.033997119743379094,0.24742285486953441,0.16437921649984313,2.144466236983227,1.2737619004645002,0.6668294701185008
14414,0.2121340191085472,0.056845082127749795,0.1640851874751147,0.1584209462497593,IT000429,T024,F013,new_forcing,0.003231363362110619,0.04176947870103485,0.11640227699503361,0.28679619561804603,0.8477831947672412,0.9046282768949909,0.8092575167646848
14414,0.5290006149613644,-0.4772953535000461,0.4778150409848776,0.45138670156427924,IT000430,T024,F014,new_forcing,0.22781085447273397,0.05203079615676776,0.2008365425279231,0.22114663672975726,2.2638287715116587,1.7865334180116124,0.4189003753879713
14414,0.850211923606094,-0.8291649754955565,0.8291994828301279,0.23935302946474402,IT000431,T024,F015,new_forcing,0.6875145565885468,0.03534575845342784,0.2845733179521635,0.19798026013864628,2.0849427610896276,1.255777785594071,0.7528625269939941
14363,0.22056111661066105,0.0518729623674533,0.17167310713673836,0.14019534951783072,IT000433,T025,F013,new_both,0.002690804224775226,0.04595640193576641,0.1154941765977315,0.280087015443703,0.8673081937094489,0.9191811560769022,0.7083999807606028
14363,0.5800260696657747,-0.5225695528000259,0.5233842386865877,0.4709626891324337,IT000434,T025,F014,new_both,0.27307893751361906,0.06335130397830718,0.21279488356764042,0.20802270927834224,2.303047235178734,1.7804776823787083,0.28468475016529304
14363,0.8190503585897467,-0.7918694505828142,0.7921533562870134,0.23390765055525417,IT000435,T025,F015,new_both,0.627057226766328,0.04378626313966478,0.28366038651566616,0.1905732169252338,2.0394959124646164,1.247626461881802,0.6751545101787271
14382,0.2027341162005077,0.05171223958308467,0.1538055811293383,0.15198585228477693,IT000437,T026,F013,new_both,0.002674155722698349,0.038426966148902626,0.11531799483207025,0.24915142487349348,0.8484168742704236,0.9001291138535082,0.6429793564551325
14382,0.5385112505400385,-0.4881476260791102,0.48876257649720123,0.4884265450835228,IT000438,T026,F014,new_both,0.23828810484667082,0.05170626211152529,0.21832085044370805,0.22359893617471271,2.2968308095600207,1.8086831834809105,0.47068506382190806
14382,0.8634068741966161,-0.8375248471605228,0.8376423851867272,0.23732220117451347,IT000439,T026,F015,new_both,0.701447869611257,0.044023560798714154,0.29434893298521875,0.17846655436745085,2.102928834991534,1.2654039878310113,0.7087950072277894
14172,0.2203260830601002,0.05208169956589835,0.17224699088679576,0.16177603300598173,IT000441,T027,F013,new_both,0.0027125034296724966,0.04583107944693368,0.13211944108143853,0.2664799067637177,0.8503102495868916,0.90239194915279,0.6055016676219286
14172,0.5480229156502262,-0.4853442648213831,0.4865367799437958,0.4775577450493534,IT000442,T027,F014,new_both,0.23555905539500885,0.06477006068276607,0.2538838764324605,0.2293364079541628,2.2883543331463088,1.8030100683249257,0.44896792641482514
14172,0.8220811436643558,-0.7872568646421161,0.7876244485493925,0.2769516497715907,IT000443,T027,F015,new_both,0.619773370926135,0.056044035842360035,0.33101815724654843,0.18666960785364187,2.045651349375477,1.258394484733361,0.7151080637819209
14475,0.21171724361189997,0.024976138736608734,0.15341611677449396,0.11668587039177163,IT000445,T028,F013,new_both,0.0006238075061903274,0.044200383736430274,0.09963545778691675,0.2702792987763394,0.9000813148825692,0.9250574536191779,0.7199888906365941
14475,0.6131114828516967,-0.5649059734891115,0.5656624877890363,0.4829499373595582,IT000446,T028,F014,new_both,0.3191187588836808,0.056786931520925524,0.2012200546761866,0.19480438712438103,2.3119903932905568,1.7470844198014452,0.27617511925352245
14475,0.8239285953953779,-0.8104697478661678,0.8107617955421949,0.20689290372264216,IT000447,T028,F015,new_both,0.6568612122062496,0.021997118103950806,0.21428108034909193,0.2016232409302234,2.0469045117461415,1.2364347638799738,0.7472818024868769
