case_id,n_wet,target_mean_m,target_std_m,target_min_m,target_max_m,target_finite,terrain_id,forcing_id,split,generalization
IT000001,14463,1.9914965629577637,0.22434578835964203,0.19711674749851227,2.3328402042388916,True,T001,F001,train,seen_island_seen_forcing
IT000596,14121,,,,,,T029,F020,test,new_both
IT000525,13759,,,,,,T008,F017,test,new_forcing
IT000165,14208,1.103639006614685,0.16534799337387085,0.09095819294452667,1.3431857824325562,True,T014,F009,train,seen_island_seen_forcing
IT000334,14475,1.5135849714279175,0.1452370434999466,0.007329067215323448,1.7611606121063232,True,T028,F010,validation,new_island
IT000497,14463,,,,,,T001,F017,test,new_forcing
IT000017,14043,1.0453046560287476,0.17761947214603424,0.15092845261096954,1.2909263372421265,True,T002,F005,train,seen_island_seen_forcing
IT000541,14089,,,,,,T012,F017,test,new_forcing
IT000317,14172,1.0495991706848145,0.16848134994506836,0.16138596832752228,1.288861632347107,True,T027,F005,validation,new_island
IT000349,13832,0.7908670902252197,0.16131746768951416,0.11669371277093887,1.0085828304290771,True,T004,F013,validation,new_forcing
IT000398,14084,2.2773289680480957,0.26257893443107605,0.03854020684957504,2.5580801963806152,True,T016,F014,validation,new_forcing
IT000155,14467,2.2142341136932373,0.2726798355579376,0.28670310974121094,2.600318431854248,True,T013,F011,train,seen_island_seen_forcing
IT000571,13793,,,,,,T019,F019,test,new_forcing
IT000272,14374,1.0213607549667358,0.20980092883110046,0.0008266402874141932,1.3123605251312256,True,T023,F008,train,seen_island_seen_forcing
IT000047,13832,2.088514804840088,0.43529990315437317,0.24499601125717163,2.6005170345306396,True,T004,F011,train,seen_island_seen_forcing
IT000157,14208,2.0002920627593994,0.31061190366744995,0.22660797834396362,2.376053810119629,True,T014,F001,train,seen_island_seen_forcing
IT000141,14089,1.0971194505691528,0.20491337776184082,0.13717463612556458,1.342809796333313,True,T012,F009,train,seen_island_seen_forcing
IT000162,14208,2.434786319732666,0.28255146741867065,0.13283509016036987,2.9517130851745605,True,T014,F006,train,seen_island_seen_forcing
IT000339,14463,2.1581201553344727,0.20929299294948578,0.1916111260652542,2.3423168659210205,True,T001,F015,validation,new_forcing
IT000287,14414,2.16969633102417,0.32636523246765137,0.3997384011745453,2.601452350616455,True,T024,F011,train,seen_island_seen_forcing
IT000082,14253,1.480193018913269,0.15498965978622437,0.0755762904882431,1.752039909362793,True,T007,F010,train,seen_island_seen_forcing
IT000569,13793,,,,,,T019,F017,test,new_forcing
IT000102,13778,2.415647268295288,0.3149912357330322,0.06719593703746796,2.9876935482025146,True,T009,F006,train,seen_island_seen_forcing
IT000566,14255,,,,,,T018,F018,test,new_forcing
IT000230,13974,1.9143632650375366,0.23429074883460999,0.10649915039539337,2.4292807579040527,True,T020,F002,train,seen_island_seen_forcing
IT000511,13832,,,,,,T004,F019,test,new_forcing
IT000433,14363,0.8673081994056702,0.11549418419599533,0.08909180015325546,1.0130773782730103,True,T025,F013,validation,new_both
IT000309,14382,1.1548341512680054,0.1475311666727066,0.13264207541942596,1.3428534269332886,True,T026,F009,validation,new_island
IT000034,14212,1.4689992666244507,0.16489632427692413,0.05265597626566887,1.7470277547836304,True,T003,F010,train,seen_island_seen_forcing
IT000006,14463,2.4823625087738037,0.32693228125572205,0.10174039006233215,3.071247100830078,True,T001,F006,train,seen_island_seen_forcing
IT000386,14467,2.3336472511291504,0.2175913155078888,0.169390469789505,2.5589118003845215,True,T013,F014,validation,new_forcing
IT000218,13793,1.8855525255203247,0.25146931409835815,0.0643516555428505,2.4124581813812256,True,T019,F002,train,seen_island_seen_forcing
IT000354,14328,2.3054211139678955,0.2216247022151947,0.13701079785823822,2.556561231613159,True,T005,F014,validation,new_forcing
IT000387,14467,2.058098316192627,0.24225467443466187,0.390900194644928,2.341367721557617,True,T013,F015,validation,new_forcing
IT000042,13832,2.3296139240264893,0.3125953674316406,0.16234926879405975,2.923581600189209,True,T004,F006,train,seen_island_seen_forcing
IT000262,14064,1.5092949867248535,0.20733608305454254,0.021807711571455002,1.7956935167312622,True,T022,F010,train,seen_island_seen_forcing
IT000039,13832,0.9003801941871643,0.17444738745689392,0.12152262777090073,1.1103724241256714,True,T004,F003,train,seen_island_seen_forcing
IT000146,14467,1.953845500946045,0.162957563996315,0.10849590599536896,2.413900136947632,True,T013,F002,train,seen_island_seen_forcing
IT000109,14374,1.954925775527954,0.31008830666542053,0.4796825647354126,2.357630729675293,True,T010,F001,train,seen_island_seen_forcing
IT000255,14064,0.9162485003471375,0.14465707540512085,0.09592315554618835,1.0971238613128662,True,T022,F003,train,seen_island_seen_forcing
IT000531,13778,,,,,,T009,F019,test,new_forcing
IT000473,14341,,,,,,T031,F001,test,new_island
IT000463,13661,,,,,,T030,F003,test,new_island
IT000330,14475,2.4994640350341797,0.3154241442680359,0.08878287672996521,3.0880866050720215,True,T028,F006,validation,new_island
IT000597,13661,,,,,,T030,F017,test,new_both
IT000123,14250,1.006949543952942,0.12394367903470993,0.07326663285493851,1.1537065505981445,True,T011,F003,train,seen_island_seen_forcing
IT000023,14043,2.1615543365478516,0.3607112169265747,0.12995122373104095,2.601992607116699,True,T002,F011,train,seen_island_seen_forcing
IT000351,13832,1.9792143106460571,0.39960747957229614,0.2654414772987366,2.3413445949554443,True,T004,F015,validation,new_forcing
IT000402,14061,2.2127652168273926,0.2870557904243469,0.21683010458946228,2.548008441925049,True,T017,F014,validation,new_forcing
IT000061,14122,1.9507395029067993,0.32289883494377136,0.3009927570819855,2.298673391342163,True,T006,F001,train,seen_island_seen_forcing
IT000389,14208,0.8621867299079895,0.13316340744495392,0.09887990355491638,1.0096266269683838,True,T014,F013,validation,new_forcing
IT000178,13721,1.463795781135559,0.20283234119415283,0.016788404434919357,1.775050401687622,True,T015,F010,train,seen_island_seen_forcing
IT000134,14089,1.892948031425476,0.2357635647058487,0.14672642946243286,2.4133450984954834,True,T012,F002,train,seen_island_seen_forcing
IT000030,14212,2.418243646621704,0.35814735293388367,0.21537111699581146,3.061526298522949,True,T003,F006,train,seen_island_seen_forcing
IT000383,14089,1.966299295425415,0.35632437467575073,0.3915552794933319,2.3412628173828125,True,T012,F015,validation,new_forcing
IT000445,14475,0.900081217288971,0.09963545203208923,0.07846031337976456,1.0150147676467896,True,T028,F013,validation,new_both
IT000374,14374,2.260796308517456,0.23427583277225494,0.3326869010925293,2.5490119457244873,True,T010,F014,validation,new_forcing
IT000434,14363,2.3030471801757812,0.21279487013816833,0.08351326733827591,2.5582571029663086,True,T025,F014,validation,new_both
IT000599,13661,,,,,,T030,F019,test,new_both
IT000161,14208,1.0601547956466675,0.17844608426094055,0.19867590069770813,1.2962350845336914,True,T014,F005,train,seen_island_seen_forcing
IT000009,14463,1.189587116241455,0.11393222957849503,0.0690818503499031,1.3435475826263428,True,T001,F009,train,seen_island_seen_forcing
IT000446,14475,2.311990261077881,0.2012200653553009,0.07271312922239304,2.5551347732543945,True,T028,F014,validation,new_both
IT000466,13661,,,,,,T030,F006,test,new_island
IT000345,14212,0.8512046337127686,0.1461324244737625,0.17808330059051514,1.0410127639770508,True,T003,F013,validation,new_forcing
IT000310,14382,1.5159519910812378,0.1849641054868698,0.03933276608586311,1.7923839092254639,True,T026,F010,validation,new_island
IT000259,14064,0.6395782828330994,0.11683127284049988,0.12726391851902008,0.9343332052230835,True,T022,F007,train,seen_island_seen_forcing
IT000606,14253,,,,,,T032,F018,test,new_both
IT000121,14250,1.94200599193573,0.2751573324203491,0.18868489563465118,2.272200345993042,True,T011,F001,train,seen_island_seen_forcing
IT000487,14253,,,,,,T032,F003,test,new_island
IT000189,14084,1.0944546461105347,0.16869761049747467,0.0424019992351532,1.3431785106658936,True,T016,F009,train,seen_island_seen_forcing
IT000115,14374,0.6606658101081848,0.11914250999689102,0.27390870451927185,1.03436279296875,True,T010,F007,train,seen_island_seen_forcing
IT000290,14363,1.9509764909744263,0.1688491851091385,0.05430779606103897,2.4364125728607178,True,T025,F002,validation,new_island
IT000239,13974,2.0839593410491943,0.4162527620792389,0.195754736661911,2.600553512573242,True,T020,F011,train,seen_island_seen_forcing
IT000451,14121,,,,,,T029,F003,test,new_island
IT000565,14255,,,,,,T018,F017,test,new_forcing
IT000558,14084,,,,,,T016,F018,test,new_forcing
IT000515,14328,,,,,,T005,F019,test,new_forcing
IT000241,13887,1.934578776359558,0.3446548879146576,0.11317025125026703,2.3553450107574463,True,T021,F001,train,seen_island_seen_forcing
IT000578,13887,,,,,,T021,F018,test,new_forcing
IT000405,14255,0.8882505297660828,0.11549670249223709,0.05485104024410248,1.013380765914917,True,T018,F013,validation,new_forcing
IT000303,14382,0.9515966773033142,0.12264660000801086,0.16606180369853973,1.1220468282699585,True,T026,F003,validation,new_island
IT000019,14043,0.6563917398452759,0.13050445914268494,0.10899565368890762,0.8560963869094849,True,T002,F007,train,seen_island_seen_forcing
IT000013,14043,1.9422489404678345,0.3325177729129791,0.17980517446994781,2.3531174659729004,True,T002,F001,train,seen_island_seen_forcing
IT000401,14061,0.8043949604034424,0.15065538883209229,0.13521042466163635,1.0606608390808105,True,T017,F013,validation,new_forcing
IT000369,13778,0.8538239598274231,0.14472129940986633,0.047282785177230835,1.009837031364441,True,T009,F013,validation,new_forcing
IT000427,14374,2.1444661617279053,0.24742285907268524,0.20570917427539825,2.3412327766418457,True,T023,F015,validation,new_forcing
IT000470,13661,,,,,,T030,F010,test,new_island
IT000459,14121,,,,,,T029,F011,test,new_island
IT000098,13778,1.8931185007095337,0.21095354855060577,0.032996077090501785,2.390070676803589,True,T009,F002,train,seen_island_seen_forcing
IT000267,14374,0.9786301255226135,0.11409763991832733,0.10972555726766586,1.1139929294586182,True,T023,F003,train,seen_island_seen_forcing
IT000495,14253,,,,,,T032,F011,test,new_island
IT000007,14463,0.7025352716445923,0.0823042169213295,0.12011617422103882,0.883247971534729,True,T001,F007,train,seen_island_seen_forcing
IT000153,14467,1.134364366531372,0.1343436986207962,0.15982377529144287,1.342890977859497,True,T013,F009,train,seen_island_seen_forcing
IT000483,14341,,,,,,T031,F011,test,new_island
IT000101,13778,1.060028314590454,0.19471772015094757,0.11946488171815872,1.3016952276229858,True,T009,F005,train,seen_island_seen_forcing
IT000403,14061,2.0257248878479004,0.3806729316711426,0.3836864233016968,2.341158151626587,True,T017,F015,validation,new_forcing
IT000293,14363,1.0736818313598633,0.1556016057729721,0.19842204451560974,1.3395966291427612,True,T025,F005,validation,new_island
IT000533,14374,,,,,,T010,F017,test,new_forcing
IT000429,14414,0.8477832078933716,0.1164022758603096,0.18610714375972748,1.06069016456604,True,T024,F013,validation,new_forcing
IT000125,14250,1.1383424997329712,0.1480412632226944,0.1798107624053955,1.3159198760986328,True,T011,F005,train,seen_island_seen_forcing
IT000085,13759,1.9320533275604248,0.35339486598968506,0.11417517066001892,2.319196939468384,True,T008,F001,train,seen_island_seen_forcing
IT000238,13974,1.4739469289779663,0.20131118595600128,0.023073915392160416,1.77756667137146,True,T020,F010,train,seen_island_seen_forcing
IT000393,13721,0.7851481437683105,0.16152146458625793,0.10887159407138824,1.0082943439483643,True,T015,F013,validation,new_forcing
IT000413,13974,0.8015807271003723,0.1485833078622818,0.12088101357221603,1.008249282836914,True,T020,F013,validation,new_forcing
IT000010,14463,1.5221093893051147,0.1811031848192215,0.005949256010353565,1.7914830446243286,True,T001,F010,train,seen_island_seen_forcing
IT000113,14374,1.051687479019165,0.16055351495742798,0.45736217498779297,1.5121970176696777,True,T010,F005,train,seen_island_seen_forcing
IT000425,14374,0.8526428937911987,0.1063392162322998,0.1050897017121315,1.0083857774734497,True,T023,F013,validation,new_forcing
IT000051,14328,0.9554914832115173,0.12270820885896683,0.0777495801448822,1.1286137104034424,True,T005,F003,train,seen_island_seen_forcing
IT000175,13721,0.6253963708877563,0.1442570984363556,0.14635209739208221,0.8906328678131104,True,T015,F007,train,seen_island_seen_forcing
IT000475,14341,,,,,,T031,F003,test,new_island
IT000589,14414,,,,,,T024,F017,test,new_forcing
IT000567,14255,,,,,,T018,F019,test,new_forcing
IT000530,13778,,,,,,T009,F018,test,new_forcing
IT000106,13778,1.4671566486358643,0.17328301072120667,0.0064439959824085236,1.7617549896240234,True,T009,F010,train,seen_island_seen_forcing
IT000491,14253,,,,,,T032,F007,test,new_island
IT000590,14414,,,,,,T024,F018,test,new_forcing
IT000298,14363,1.5105520486831665,0.16430380940437317,0.008246684446930885,1.7844181060791016,True,T025,F010,validation,new_island
IT000038,13832,1.9006032943725586,0.2399860918521881,0.11645163595676422,2.426462173461914,True,T004,F002,train,seen_island_seen_forcing
IT000164,14208,0.9987295269966125,0.20688235759735107,0.0005204900517128408,1.3348007202148438,True,T014,F008,train,seen_island_seen_forcing
IT000265,14374,1.9590531587600708,0.26474159955978394,0.21021398901939392,2.3284215927124023,True,T023,F001,train,seen_island_seen_forcing
IT000519,14122,,,,,,T006,F019,test,new_forcing
IT000131,14250,2.094547748565674,0.3206121027469635,0.1486649364233017,2.6003706455230713,True,T011,F011,train,seen_island_seen_forcing
IT000577,13887,,,,,,T021,F017,test,new_forcing
IT000097,13778,1.9531581401824951,0.3287000060081482,0.11364464461803436,2.337739944458008,True,T009,F001,train,seen_island_seen_forcing
IT000547,14467,,,,,,T013,F019,test,new_forcing
IT000205,14255,2.039727210998535,0.2640768587589264,0.1381428986787796,2.3799405097961426,True,T018,F001,train,seen_island_seen_forcing
IT000499,14463,,,,,,T001,F019,test,new_forcing
IT000103,13778,0.6765232086181641,0.1400139033794403,0.07260235399007797,0.8638840317726135,True,T009,F007,train,seen_island_seen_forcing
IT000176,13721,0.9778044819831848,0.19557659327983856,0.0012031031074002385,1.267323613166809,True,T015,F008,train,seen_island_seen_forcing
IT000285,14414,1.152116060256958,0.1527315229177475,0.18602141737937927,1.3429569005966187,True,T024,F009,train,seen_island_seen_forcing
IT000242,13887,1.9351497888565063,0.219211146235466,0.03996731713414192,2.436589241027832,True,T021,F002,train,seen_island_seen_forcing
IT000518,14122,,,,,,T006,F018,test,new_forcing
IT000489,14253,,,,,,T032,F005,test,new_island
IT000118,14374,1.501070499420166,0.1796906590461731,0.061418987810611725,1.7867026329040527,True,T010,F010,train,seen_island_seen_forcing
IT000474,14341,,,,,,T031,F002,test,new_island
IT000586,14374,,,,,,T023,F018,test,new_forcing
IT000022,14043,1.492246389389038,0.18772026896476746,0.0071375747211277485,1.7878696918487549,True,T002,F010,train,seen_island_seen_forcing
IT000534,14374,,,,,,T010,F018,test,new_forcing
IT000453,14121,,,,,,T029,F005,test,new_island
IT000114,14374,2.4055428504943848,0.2846558392047882,0.2626757323741913,2.9725840091705322,True,T010,F006,train,seen_island_seen_forcing
IT000296,14363,1.0119065046310425,0.2076871246099472,0.0005636516725644469,1.344149112701416,True,T025,F008,validation,new_island
IT000407,14255,1.983414888381958,0.2709243595600128,0.14560551941394806,2.3469812870025635,True,T018,F015,validation,new_forcing
IT000137,14089,1.071005940437317,0.19203200936317444,0.334639310836792,1.4384796619415283,True,T012,F005,train,seen_island_seen_forcing
IT000581,14064,,,,,,T022,F017,test,new_forcing
IT000341,14043,0.833123505115509,0.13916750252246857,0.07772541046142578,1.0093404054641724,True,T002,F013,validation,new_forcing
IT000105,13778,1.0688495635986328,0.1824014037847519,0.043273624032735825,1.3433911800384521,True,T009,F009,train,seen_island_seen_forcing
IT000595,14121,,,,,,T029,F019,test,new_both
IT000443,14172,2.045651435852051,0.3310181498527527,0.1807345598936081,2.3411641120910645,True,T027,F015,validation,new_both
IT000221,13793,1.0933912992477417,0.19375798106193542,0.18170149624347687,1.3055503368377686,True,T019,F005,train,seen_island_seen_forcing
IT000119,14374,2.17679500579834,0.34090450406074524,0.42013323307037354,2.6013967990875244,True,T010,F011,train,seen_island_seen_forcing
IT000357,14122,0.8730903267860413,0.14576557278633118,0.09273894131183624,1.0477560758590698,True,T006,F013,validation,new_forcing
IT000202,14061,1.481400489807129,0.2101304531097412,0.0633314847946167,1.7911325693130493,True,T017,F010,train,seen_island_seen_forcing
IT000226,13793,1.4500157833099365,0.18494121730327606,0.016880791634321213,1.7390882968902588,True,T019,F010,train,seen_island_seen_forcing
IT000397,14084,0.8775415420532227,0.1291220784187317,0.048129890114068985,1.0103542804718018,True,T016,F013,validation,new_forcing
IT000295,14363,0.6831936240196228,0.11681538820266724,0.12672121822834015,0.8941927552223206,True,T025,F007,validation,new_island
IT000150,14467,2.493966817855835,0.2957872748374939,0.20558544993400574,3.051865577697754,True,T013,F006,train,seen_island_seen_forcing
IT000229,13974,1.8442968130111694,0.3553653955459595,0.2769209146499634,2.3049871921539307,True,T020,F001,train,seen_island_seen_forcing
IT000251,13887,2.1675679683685303,0.37573081254959106,0.07812093198299408,2.6006031036376953,True,T021,F011,train,seen_island_seen_forcing
IT000486,14253,,,,,,T032,F002,test,new_island
IT000311,14382,2.227337598800659,0.30643230676651,0.32427194714546204,2.6002259254455566,True,T026,F011,validation,new_island
IT000585,14374,,,,,,T023,F017,test,new_forcing
IT000199,14061,0.6342164278030396,0.13384738564491272,0.19538778066635132,1.0327568054199219,True,T017,F007,train,seen_island_seen_forcing
IT000062,14122,1.897329568862915,0.22961212694644928,0.11014125496149063,2.4051320552825928,True,T006,F002,train,seen_island_seen_forcing
IT000041,13832,1.0105459690093994,0.20097355544567108,0.2696399390697479,1.3643403053283691,True,T004,F005,train,seen_island_seen_forcing
IT000415,13974,2.0322365760803223,0.3570761978626251,0.29525211453437805,2.341204881668091,True,T020,F015,validation,new_forcing
IT000510,13832,,,,,,T004,F018,test,new_forcing
IT000078,14253,2.443258762359619,0.3415071964263916,0.2186930775642395,3.059563636779785,True,T007,F006,train,seen_island_seen_forcing
IT000514,14328,,,,,,T005,F018,test,new_forcing
IT000117,14374,1.1257935762405396,0.16512633860111237,0.16731315851211548,1.3431673049926758,True,T010,F009,train,seen_island_seen_forcing
IT000604,14341,,,,,,T031,F020,test,new_both
IT000447,14475,2.0469045639038086,0.2142810821533203,0.2217012643814087,2.389716863632202,True,T028,F015,validation,new_both
IT000435,14363,2.0394959449768066,0.2836603820323944,0.2310391366481781,2.3447952270507812,True,T025,F015,validation,new_both
IT000526,13759,,,,,,T008,F018,test,new_forcing
IT000450,14121,,,,,,T029,F002,test,new_island
IT000273,14374,1.1820653676986694,0.1335786134004593,0.07725966721773148,1.3427780866622925,True,T023,F009,train,seen_island_seen_forcing
IT000059,14328,2.2377185821533203,0.29964500665664673,0.16897855699062347,2.600273847579956,True,T005,F011,train,seen_island_seen_forcing
IT000087,13759,0.9613789916038513,0.16377080976963043,0.038166552782058716,1.152074933052063,True,T008,F003,train,seen_island_seen_forcing
IT000350,13832,2.1738054752349854,0.2890399396419525,0.19450442492961884,2.5357604026794434,True,T004,F014,validation,new_forcing
IT000278,14414,1.9484699964523315,0.1924804151058197,0.1592177450656891,2.438382387161255,True,T024,F002,train,seen_island_seen_forcing
IT000467,13661,,,,,,T030,F007,test,new_island
IT000122,14250,1.927298903465271,0.21776831150054932,0.05352548882365227,2.4263339042663574,True,T011,F002,train,seen_island_seen_forcing
IT000005,14463,1.1264461278915405,0.11211393773555756,0.19532336294651031,1.3255846500396729,True,T001,F005,train,seen_island_seen_forcing
IT000551,14208,,,,,,T014,F019,test,new_forcing
IT000138,14089,2.3821072578430176,0.35215234756469727,0.1786542534828186,3.012042999267578,True,T012,F006,train,seen_island_seen_forcing
IT000417,13887,0.8267470598220825,0.14227494597434998,0.04961829632520676,1.0088776350021362,True,T021,F013,validation,new_forcing
IT000237,13974,1.127144455909729,0.1929481327533722,0.12197445333003998,1.3427824974060059,True,T020,F009,train,seen_island_seen_forcing
IT000493,14253,,,,,,T032,F009,test,new_island
IT000254,14064,1.9554686546325684,0.21615877747535706,0.08390684425830841,2.442079544067383,True,T022,F002,train,seen_island_seen_forcing
IT000529,13778,,,,,,T009,F017,test,new_forcing
IT000045,13832,1.094488263130188,0.21146605908870697,0.10574690252542496,1.3428738117218018,True,T004,F009,train,seen_island_seen_forcing
IT000557,14084,,,,,,T016,F017,test,new_forcing
IT000313,14172,1.996086597442627,0.3126364052295685,0.19451162219047546,2.3734757900238037,True,T027,F001,validation,new_island
IT000227,13793,2.0023624897003174,0.41300585865974426,0.14337079226970673,2.6003921031951904,True,T019,F011,train,seen_island_seen_forcing
IT000498,14463,,,,,,T001,F018,test,new_forcing
IT000318,14172,2.4188692569732666,0.27592477202415466,0.12186586856842041,2.9289236068725586,True,T027,F006,validation,new_island
IT000057,14328,1.1555320024490356,0.14642973244190216,0.09145833551883698,1.3428006172180176,True,T005,F009,train,seen_island_seen_forcing
IT000037,13832,1.8501120805740356,0.3888581395149231,0.2678534984588623,2.3232579231262207,True,T004,F001,train,seen_island_seen_forcing
IT000353,14328,0.8545581698417664,0.11545819044113159,0.08387394994497299,1.008955955505371,True,T005,F013,validation,new_forcing
IT000170,13721,1.8978314399719238,0.24187017977237701,0.09159519523382187,2.4260828495025635,True,T015,F002,train,seen_island_seen_forcing
IT000545,14467,,,,,,T013,F017,test,new_forcing
IT000605,14253,,,,,,T032,F017,test,new_both
IT000283,14414,0.6789418458938599,0.10720739513635635,0.25272437930107117,1.0293810367584229,True,T024,F007,train,seen_island_seen_forcing
IT000081,14253,1.086917519569397,0.1847638189792633,0.18976329267024994,1.3428364992141724,True,T007,F009,train,seen_island_seen_forcing
IT000203,14061,2.1459691524505615,0.4059499502182007,0.330964595079422,2.600383996963501,True,T017,F011,train,seen_island_seen_forcing
IT000167,14208,2.184624671936035,0.33882299065589905,0.17033565044403076,2.601223945617676,True,T014,F011,train,seen_island_seen_forcing
IT000301,14382,1.99371337890625,0.2863822281360626,0.34266138076782227,2.364668130874634,True,T026,F001,validation,new_island
IT000197,14061,1.0207287073135376,0.18635424971580505,0.37218260765075684,1.4672350883483887,True,T017,F005,train,seen_island_seen_forcing
IT000343,14043,2.021820306777954,0.3428826630115509,0.18473678827285767,2.3416483402252197,True,T002,F015,validation,new_forcing
IT000469,13661,,,,,,T030,F009,test,new_island
IT000347,14212,1.975088119506836,0.32311734557151794,0.4134501814842224,2.362442970275879,True,T003,F015,validation,new_forcing
IT000438,14382,2.296830654144287,0.2183208465576172,0.24771006405353546,2.555567979812622,True,T026,F014,validation,new_both
IT000575,13974,,,,,,T020,F019,test,new_forcing
IT000421,14064,0.8152849674224854,0.13597704470157623,0.1054413691163063,1.0081989765167236,True,T022,F013,validation,new_forcing
IT000135,14089,0.9508625864982605,0.16472521424293518,0.14948438107967377,1.140196442604065,True,T012,F003,train,seen_island_seen_forcing
IT000075,14253,0.9805561900138855,0.1500299870967865,0.16156092286109924,1.1613407135009766,True,T007,F003,train,seen_island_seen_forcing
IT000431,14414,2.0849428176879883,0.2845732867717743,0.44919663667678833,2.3417930603027344,True,T024,F015,validation,new_forcing
IT000367,13759,1.952863335609436,0.35010725259780884,0.11476647853851318,2.3413186073303223,True,T008,F015,validation,new_forcing
IT000015,14043,0.9364199042320251,0.14847609400749207,0.06774552911520004,1.1308821439743042,True,T002,F003,train,seen_island_seen_forcing
IT000066,14122,2.443985939025879,0.3762582540512085,0.12651664018630981,3.069720506668091,True,T006,F006,train,seen_island_seen_forcing
IT000573,13974,,,,,,T020,F017,test,new_forcing
IT000201,14061,1.1151039600372314,0.19765128195285797,0.17874620854854584,1.342771291732788,True,T017,F009,train,seen_island_seen_forcing
IT000468,13661,,,,,,T030,F008,test,new_island
IT000539,14250,,,,,,T011,F019,test,new_forcing
IT000430,14414,2.263828754425049,0.20083655416965485,0.2934053838253021,2.5367047786712646,True,T024,F014,validation,new_forcing
IT000517,14122,,,,,,T006,F017,test,new_forcing
IT000454,14121,,,,,,T029,F006,test,new_island
IT000093,13759,1.0894970893859863,0.19989751279354095,0.04036988690495491,1.3428356647491455,True,T008,F009,train,seen_island_seen_forcing
IT000554,13721,,,,,,T015,F018,test,new_forcing
IT000206,14255,1.9319688081741333,0.16997379064559937,0.03153693675994873,2.399345636367798,True,T018,F002,train,seen_island_seen_forcing
IT000381,14089,0.8299026489257812,0.15577806532382965,0.1345663219690323,1.0426141023635864,True,T012,F013,validation,new_forcing
IT000031,14212,0.692756175994873,0.12703311443328857,0.19777846336364746,0.9830973148345947,True,T003,F007,train,seen_island_seen_forcing
IT000601,14341,,,,,,T031,F017,test,new_both
IT000325,14475,2.028618812561035,0.22274504601955414,0.18956615030765533,2.328559160232544,True,T028,F001,validation,new_island
IT000395,13721,1.975357174873352,0.3952358663082123,0.2337806075811386,2.341432809829712,True,T015,F015,validation,new_forcing
IT000502,14043,,,,,,T002,F018,test,new_forcing
IT000215,14255,2.1806371212005615,0.3022141456604004,0.09069100767374039,2.6016485691070557,True,T018,F011,train,seen_island_seen_forcing
IT000099,13778,0.9545144438743591,0.15513567626476288,0.041448742151260376,1.1563395261764526,True,T009,F003,train,seen_island_seen_forcing
IT000409,13793,0.8324876427650452,0.16410748660564423,0.08234305679798126,1.008920431137085,True,T019,F013,validation,new_forcing
IT000410,13793,2.163471221923828,0.28509223461151123,0.11398278176784515,2.5157783031463623,True,T019,F014,validation,new_forcing
IT000116,14374,1.009671688079834,0.2034352421760559,0.003108833683654666,1.332190752029419,True,T010,F008,train,seen_island_seen_forcing
IT000550,14208,,,,,,T014,F018,test,new_forcing
IT000245,13887,1.0463981628417969,0.1809871792793274,0.08195363730192184,1.289650321006775,True,T021,F005,train,seen_island_seen_forcing
IT000129,14250,1.1503984928131104,0.16814129054546356,0.08170943707227707,1.3427729606628418,True,T011,F009,train,seen_island_seen_forcing
IT000600,13661,,,,,,T030,F020,test,new_both
IT000382,14089,2.186248540878296,0.2750476598739624,0.23718905448913574,2.5262906551361084,True,T012,F014,validation,new_forcing
IT000326,14475,1.9472163915634155,0.16897980868816376,0.03658011928200722,2.4262616634368896,True,T028,F002,validation,new_island
IT000479,14341,,,,,,T031,F007,test,new_island
IT000235,13974,0.6449283361434937,0.13253022730350494,0.15313969552516937,0.9275907278060913,True,T020,F007,train,seen_island_seen_forcing
IT000555,13721,,,,,,T015,F019,test,new_forcing
IT000462,13661,,,,,,T030,F002,test,new_island
IT000249,13887,1.1276531219482422,0.18144062161445618,0.044297024607658386,1.3428828716278076,True,T021,F009,train,seen_island_seen_forcing
IT000033,14212,1.1055103540420532,0.19432830810546875,0.1639096587896347,1.3430439233779907,True,T003,F009,train,seen_island_seen_forcing
IT000449,14121,,,,,,T029,F001,test,new_island
IT000305,14382,1.0704714059829712,0.14224494993686676,0.33764147758483887,1.443640112876892,True,T026,F005,validation,new_island
IT000465,13661,,,,,,T030,F005,test,new_island
IT000426,14374,2.2754602432250977,0.19076505303382874,0.1602380871772766,2.5287208557128906,True,T023,F014,validation,new_forcing
IT000422,14064,2.2654242515563965,0.26503419876098633,0.1311182975769043,2.552807092666626,True,T022,F014,validation,new_forcing
IT000147,14467,0.9980469942092896,0.11420893669128418,0.1365155279636383,1.1602299213409424,True,T013,F003,train,seen_island_seen_forcing
IT000261,14064,1.1491035223007202,0.17313912510871887,0.10415646433830261,1.3427643775939941,True,T022,F009,train,seen_island_seen_forcing
IT000234,13974,2.364557981491089,0.338060587644577,0.15402506291866302,3.003448963165283,True,T020,F006,train,seen_island_seen_forcing
IT000338,14463,2.297650098800659,0.16118164360523224,0.0902252048254013,2.526197910308838,True,T001,F014,validation,new_forcing
IT000182,14084,1.9106239080429077,0.1955496370792389,0.027870984748005867,2.3900015354156494,True,T016,F002,train,seen_island_seen_forcing
IT000243,13887,0.9326111674308777,0.15285785496234894,0.0412738136947155,1.1206830739974976,True,T021,F003,train,seen_island_seen_forcing
IT000049,14328,2.0082602500915527,0.28290852904319763,0.2279156595468521,2.374019145965576,True,T005,F001,train,seen_island_seen_forcing
IT000258,14064,2.376389503479004,0.3016430139541626,0.1759718656539917,2.9386093616485596,True,T022,F006,train,seen_island_seen_forcing
IT000187,14084,0.7012326121330261,0.12446039915084839,0.07412931323051453,0.867601752281189,True,T016,F007,train,seen_island_seen_forcing
IT000095,13759,2.0777363777160645,0.396084189414978,0.07222425192594528,2.6006247997283936,True,T008,F011,train,seen_island_seen_forcing
IT000083,14253,2.09820556640625,0.3609788715839386,0.3188807964324951,2.600346088409424,True,T007,F011,train,seen_island_seen_forcing
IT000089,13759,1.0775158405303955,0.2007361352443695,0.09204724431037903,1.304007649421692,True,T008,F005,train,seen_island_seen_forcing
IT000522,14253,,,,,,T007,F018,test,new_forcing
IT000485,14253,,,,,,T032,F001,test,new_island
IT000198,14061,2.344369411468506,0.3120070993900299,0.198957622051239,2.9144439697265625,True,T017,F006,train,seen_island_seen_forcing
IT000056,14328,1.016708254814148,0.21462373435497284,0.0005039664101786911,1.3377398252487183,True,T005,F008,train,seen_island_seen_forcing
IT000299,14363,2.2030768394470215,0.29517269134521484,0.1478125900030136,2.601588726043701,True,T025,F011,validation,new_island
IT000029,14212,1.1017167568206787,0.17583848536014557,0.2567979395389557,1.432847499847412,True,T003,F005,train,seen_island_seen_forcing
IT000263,14064,2.219658374786377,0.3515041768550873,0.19583925604820251,2.600160598754883,True,T022,F011,train,seen_island_seen_forcing
IT000458,14121,,,,,,T029,F010,test,new_island
IT000209,14255,1.0890284776687622,0.16946382820606232,0.13599996268749237,1.3080158233642578,True,T018,F005,train,seen_island_seen_forcing
IT000186,14084,2.4560842514038086,0.32557734847068787,0.07390639930963516,3.058007001876831,True,T016,F006,train,seen_island_seen_forcing
IT000342,14043,2.248380422592163,0.2520748972892761,0.07907268404960632,2.5494911670684814,True,T002,F014,validation,new_forcing
IT000152,14467,1.0186161994934082,0.21045434474945068,0.0008098629768937826,1.3406686782836914,True,T013,F008,train,seen_island_seen_forcing
IT000327,14475,1.017000675201416,0.09882036596536636,0.06591851264238358,1.1731393337249756,True,T028,F003,validation,new_island
IT000553,13721,,,,,,T015,F017,test,new_forcing
IT000323,14172,2.214251756668091,0.3266982138156891,0.14173007011413574,2.6001224517822266,True,T027,F011,validation,new_island
IT000527,13759,,,,,,T008,F019,test,new_forcing
IT000482,14341,,,,,,T031,F010,test,new_island
IT000289,14363,2.0103342533111572,0.2721520960330963,0.21533207595348358,2.372438907623291,True,T025,F001,validation,new_island
IT000063,14122,0.9956702589988708,0.14655353128910065,0.12827855348587036,1.160589337348938,True,T006,F003,train,seen_island_seen_forcing
IT000411,13793,1.9764759540557861,0.3667333126068115,0.1984543353319168,2.3411543369293213,True,T019,F015,validation,new_forcing
IT000222,13793,2.3969438076019287,0.3864557445049286,0.10705120861530304,3.039818048477173,True,T019,F006,train,seen_island_seen_forcing
IT000478,14341,,,,,,T031,F006,test,new_island
IT000315,14172,0.9422685503959656,0.14089587330818176,0.07271870970726013,1.1386868953704834,True,T027,F003,validation,new_island
IT000561,14061,,,,,,T017,F017,test,new_forcing
IT000260,14064,1.0096648931503296,0.21916674077510834,0.0002718798932619393,1.3317337036132812,True,T022,F008,train,seen_island_seen_forcing
IT000594,14121,,,,,,T029,F018,test,new_both
IT000179,13721,2.062835931777954,0.4403817355632782,0.17749685049057007,2.6008706092834473,True,T015,F011,train,seen_island_seen_forcing
IT000139,14089,0.6709762215614319,0.13844034075737,0.19914773106575012,0.9840887188911438,True,T012,F007,train,seen_island_seen_forcing
IT000035,14212,2.0431389808654785,0.3688845932483673,0.2725951373577118,2.6010007858276367,True,T003,F011,train,seen_island_seen_forcing
IT000394,13721,2.155804395675659,0.27998241782188416,0.14401313662528992,2.525794267654419,True,T015,F014,validation,new_forcing
IT000133,14089,1.8778148889541626,0.3521282970905304,0.3675583302974701,2.2984936237335205,True,T012,F001,train,seen_island_seen_forcing
IT000246,13887,2.3882086277008057,0.3083254396915436,0.0880705714225769,2.978252410888672,True,T021,F006,train,seen_island_seen_forcing
IT000337,14463,0.8707410097122192,0.09020673483610153,0.08309751003980637,1.010433316230774,True,T001,F013,validation,new_forcing
IT000233,13974,1.047438383102417,0.1871236115694046,0.21143919229507446,1.3710837364196777,True,T020,F005,train,seen_island_seen_forcing
IT000279,14414,0.9650222063064575,0.12535467743873596,0.19145473837852478,1.1485621929168701,True,T024,F003,train,seen_island_seen_forcing
IT000169,13721,1.823728322982788,0.386501282453537,0.24645468592643738,2.3096325397491455,True,T015,F001,train,seen_island_seen_forcing
IT000480,14341,,,,,,T031,F008,test,new_island
IT000335,14475,2.156585216522217,0.25312402844429016,0.12603650987148285,2.6137397289276123,True,T028,F011,validation,new_island
IT000236,13974,0.9918122291564941,0.19733820855617523,0.001822278369218111,1.270039677619934,True,T020,F008,train,seen_island_seen_forcing
IT000579,13887,,,,,,T021,F019,test,new_forcing
IT000149,14467,1.1179760694503784,0.14746439456939697,0.2738344371318817,1.388311505317688,True,T013,F005,train,seen_island_seen_forcing
IT000291,14363,0.9650567770004272,0.12476801127195358,0.07800884544849396,1.1558440923690796,True,T025,F003,validation,new_island
IT000269,14374,1.1090420484542847,0.1324358731508255,0.27332255244255066,1.3472868204116821,True,T023,F005,train,seen_island_seen_forcing
IT000126,14250,2.4649887084960938,0.36771532893180847,0.10087049752473831,3.0892415046691895,True,T011,F006,train,seen_island_seen_forcing
IT000371,13778,1.9131816625595093,0.32557740807533264,0.12906450033187866,2.345029830932617,True,T009,F015,validation,new_forcing
IT000471,13661,,,,,,T030,F011,test,new_island
IT000071,14122,2.0573465824127197,0.3604765832424164,0.27579882740974426,2.6002323627471924,True,T006,F011,train,seen_island_seen_forcing
IT000559,14084,,,,,,T016,F019,test,new_forcing
IT000151,14467,0.7158128023147583,0.10406283289194107,0.1756809651851654,0.9288248419761658,True,T013,F007,train,seen_island_seen_forcing
IT000091,13759,0.6800562739372253,0.14443132281303406,0.06430826336145401,0.8627312183380127,True,T008,F007,train,seen_island_seen_forcing
IT000223,13793,0.6817771196365356,0.14042706787586212,0.10174630582332611,0.8778548240661621,True,T019,F007,train,seen_island_seen_forcing
IT000377,14250,0.8741655945777893,0.12575814127922058,0.0870169848203659,1.009026050567627,True,T011,F013,validation,new_forcing
IT000399,14084,1.957017421722412,0.2807164788246155,0.1357220560312271,2.346172571182251,True,T016,F015,validation,new_forcing
IT000217,13793,1.848879098892212,0.3599698543548584,0.17056182026863098,2.2721469402313232,True,T019,F001,train,seen_island_seen_forcing
IT000214,14255,1.5021371841430664,0.15803390741348267,0.006783008109778166,1.780273675918579,True,T018,F010,train,seen_island_seen_forcing
IT000362,14253,2.2685399055480957,0.2857046127319336,0.23998983204364777,2.553844451904297,True,T007,F014,validation,new_forcing
IT000442,14172,2.2883543968200684,0.25388386845588684,0.09139090776443481,2.557189702987671,True,T027,F014,validation,new_both
IT000163,14208,0.6783652305603027,0.12987567484378815,0.1337668001651764,0.8632057309150696,True,T014,F007,train,seen_island_seen_forcing
IT000391,14208,2.0051052570343018,0.3228832483291626,0.2340303212404251,2.341377019882202,True,T014,F015,validation,new_forcing
IT000507,14212,,,,,,T003,F019,test,new_forcing
IT000077,14253,1.1005334854125977,0.1854265183210373,0.35454845428466797,1.4422752857208252,True,T007,F005,train,seen_island_seen_forcing
IT000607,14253,,,,,,T032,F019,test,new_both
IT000250,13887,1.489041805267334,0.2027997225522995,0.006133070215582848,1.7901008129119873,True,T021,F010,train,seen_island_seen_forcing
IT000583,14064,,,,,,T022,F019,test,new_forcing
IT000537,14250,,,,,,T011,F017,test,new_forcing
IT000145,14467,2.0611660480499268,0.23920220136642456,0.31995829939842224,2.3767566680908203,True,T013,F001,train,seen_island_seen_forcing
IT000591,14414,,,,,,T024,F019,test,new_forcing
IT000587,14374,,,,,,T023,F019,test,new_forcing
IT000210,14255,2.4731743335723877,0.2912004292011261,0.0809197723865509,3.018122673034668,True,T018,F006,train,seen_island_seen_forcing
IT000025,14212,1.9043362140655518,0.3230780363082886,0.3888166546821594,2.285466432571411,True,T003,F001,train,seen_island_seen_forcing
IT000002,14463,1.9755891561508179,0.17331743240356445,0.03932061046361923,2.4401981830596924,True,T001,F002,train,seen_island_seen_forcing
IT000011,14463,2.215151309967041,0.2669680118560791,0.14853425323963165,2.603860378265381,True,T001,F011,train,seen_island_seen_forcing
IT000365,13759,0.8495476245880127,0.15578389167785645,0.04716482758522034,1.0089576244354248,True,T008,F013,validation,new_forcing
IT000069,14122,1.1075522899627686,0.19600996375083923,0.13683158159255981,1.3427839279174805,True,T006,F009,train,seen_island_seen_forcing
IT000211,14255,0.7022614479064941,0.11962571740150452,0.08229582011699677,0.8682869672775269,True,T018,F007,train,seen_island_seen_forcing
IT000195,14061,0.9075948596000671,0.16291193664073944,0.15791639685630798,1.1462581157684326,True,T017,F003,train,seen_island_seen_forcing
IT000282,14414,2.4340121746063232,0.3117915391921997,0.2347397655248642,3.0248470306396484,True,T024,F006,train,seen_island_seen_forcing
IT000090,13759,2.407902956008911,0.3454684913158417,0.07725466042757034,3.021317481994629,True,T008,F006,train,seen_island_seen_forcing
IT000490,14253,,,,,,T032,F006,test,new_island
IT000257,14064,1.0356687307357788,0.16619561612606049,0.19993595778942108,1.3814241886138916,True,T022,F005,train,seen_island_seen_forcing
IT000582,14064,,,,,,T022,F018,test,new_forcing
IT000562,14061,,,,,,T017,F018,test,new_forcing
IT000546,14467,,,,,,T013,F018,test,new_forcing
IT000219,13793,0.9680026173591614,0.16547858715057373,0.07027731090784073,1.140936017036438,True,T019,F003,train,seen_island_seen_forcing
IT000079,14253,0.7017539739608765,0.12961629033088684,0.20273485779762268,0.9834381341934204,True,T007,F007,train,seen_island_seen_forcing
IT000213,14255,1.0983318090438843,0.14608539640903473,0.04915396869182587,1.3458428382873535,True,T018,F009,train,seen_island_seen_forcing
IT000506,14212,,,,,,T003,F018,test,new_forcing
IT000366,13759,2.2248361110687256,0.29627588391304016,0.052186958491802216,2.554832696914673,True,T008,F014,validation,new_forcing
IT000503,14043,,,,,,T002,F019,test,new_forcing
IT000574,13974,,,,,,T020,F018,test,new_forcing
IT000302,14382,1.9627325534820557,0.18645383417606354,0.1383039653301239,2.4413020610809326,True,T026,F002,validation,new_island
IT000173,13721,1.013720989227295,0.20221537351608276,0.1931574046611786,1.3126952648162842,True,T015,F005,train,seen_island_seen_forcing
IT000509,13832,,,,,,T004,F017,test,new_forcing
IT000271,14374,0.688279390335083,0.0943337008357048,0.15326687693595886,0.9223458766937256,True,T023,F007,train,seen_island_seen_forcing
IT000441,14172,0.8503102660179138,0.13211943209171295,0.08538584411144257,1.0092694759368896,True,T027,F013,validation,new_both
IT000086,13759,1.8980246782302856,0.22644326090812683,0.03590448573231697,2.412022113800049,True,T008,F002,train,seen_island_seen_forcing
IT000074,14253,1.9031256437301636,0.20598140358924866,0.15551121532917023,2.389021158218384,True,T007,F002,train,seen_island_seen_forcing
IT000055,14328,0.6744204163551331,0.10553562641143799,0.12076635658740997,0.8925857543945312,True,T005,F007,train,seen_island_seen_forcing
IT000185,14084,1.101449966430664,0.17382848262786865,0.12370404601097107,1.3125874996185303,True,T016,F005,train,seen_island_seen_forcing
IT000563,14061,,,,,,T017,F019,test,new_forcing
IT000231,13974,0.9276155233383179,0.16169768571853638,0.10462987422943115,1.112106204032898,True,T020,F003,train,seen_island_seen_forcing
IT000018,14043,2.4011056423187256,0.291014164686203,0.11171543598175049,2.9687042236328125,True,T002,F006,train,seen_island_seen_forcing
IT000294,14363,2.456576347351074,0.26602017879486084,0.11708146333694458,2.98252010345459,True,T025,F006,validation,new_island
IT000455,14121,,,,,,T029,F007,test,new_island
IT000322,14172,1.5061440467834473,0.18489563465118408,0.009383372962474823,1.790459394454956,True,T027,F010,validation,new_island
IT000266,14374,1.9639354944229126,0.19199314713478088,0.07655561715364456,2.4372458457946777,True,T023,F002,train,seen_island_seen_forcing
IT000538,14250,,,,,,T011,F018,test,new_forcing
IT000461,13661,,,,,,T030,F001,test,new_island
IT000419,13887,2.0460383892059326,0.35215091705322266,0.11464594304561615,2.3411552906036377,True,T021,F015,validation,new_forcing
IT000355,14328,2.1064059734344482,0.29325270652770996,0.24580688774585724,2.341257095336914,True,T005,F015,validation,new_forcing
IT000008,14463,1.0265518426895142,0.2097744643688202,0.0005258215242065489,1.3164891004562378,True,T001,F008,train,seen_island_seen_forcing
IT000014,14043,1.9338182210922241,0.20499065518379211,0.05112318694591522,2.4285807609558105,True,T002,F002,train,seen_island_seen_forcing
IT000027,14212,0.9764779210090637,0.14958076179027557,0.13928598165512085,1.1524126529693604,True,T003,F003,train,seen_island_seen_forcing
IT000247,13887,0.6532337665557861,0.13119077682495117,0.06848654896020889,0.850817859172821,True,T021,F007,train,seen_island_seen_forcing
IT000026,14212,1.898208498954773,0.22589178383350372,0.1399599313735962,2.416930675506592,True,T003,F002,train,seen_island_seen_forcing
IT000523,14253,,,,,,T007,F019,test,new_forcing
IT000598,13661,,,,,,T030,F018,test,new_both
IT000190,14084,1.4844670295715332,0.1581990271806717,0.006865110248327255,1.752146601676941,True,T016,F010,train,seen_island_seen_forcing
IT000050,14328,1.9676578044891357,0.18481214344501495,0.08081646263599396,2.4427640438079834,True,T005,F002,train,seen_island_seen_forcing
IT000181,14084,1.9925705194473267,0.28979575634002686,0.11563863605260849,2.3358335494995117,True,T016,F001,train,seen_island_seen_forcing
IT000521,14253,,,,,,T007,F017,test,new_forcing
IT000549,14208,,,,,,T014,F017,test,new_forcing
IT000406,14255,2.3138856887817383,0.24237535893917084,0.04303302988409996,2.5596389770507812,True,T018,F014,validation,new_forcing
IT000191,14084,2.1125597953796387,0.32828426361083984,0.07983081042766571,2.603362560272217,True,T016,F011,train,seen_island_seen_forcing
IT000437,14382,0.8484168648719788,0.11531800031661987,0.15792948007583618,1.0254391431808472,True,T026,F013,validation,new_both
IT000329,14475,1.1474827527999878,0.12895843386650085,0.18266549706459045,1.3494412899017334,True,T028,F005,validation,new_island
IT000359,14122,1.9788792133331299,0.31517744064331055,0.3705328404903412,2.3411505222320557,True,T006,F015,validation,new_forcing
IT000321,14172,1.1217929124832153,0.16431447863578796,0.06829135864973068,1.34304940700531,True,T027,F009,validation,new_island
IT000331,14475,0.7281914353370667,0.09537908434867859,0.11099235713481903,0.9109041690826416,True,T028,F007,validation,new_island
IT000053,14328,1.0745489597320557,0.14331302046775818,0.20616568624973297,1.3550217151641846,True,T005,F005,train,seen_island_seen_forcing
IT000603,14341,,,,,,T031,F019,test,new_both
IT000505,14212,,,,,,T003,F017,test,new_forcing
IT000513,14328,,,,,,T005,F017,test,new_forcing
IT000457,14121,,,,,,T029,F009,test,new_island
IT000065,14122,1.124956488609314,0.17611710727214813,0.286826491355896,1.4148895740509033,True,T006,F005,train,seen_island_seen_forcing
IT000111,14374,0.9389090538024902,0.1374121904373169,0.20728068053722382,1.1526895761489868,True,T010,F003,train,seen_island_seen_forcing
IT000319,14172,0.6662669777870178,0.1252632737159729,0.11394039541482925,0.8549501895904541,True,T027,F007,validation,new_island
IT000477,14341,,,,,,T031,F005,test,new_island
IT000253,14064,1.9528645277023315,0.3413841724395752,0.1982399821281433,2.356318950653076,True,T022,F001,train,seen_island_seen_forcing
IT000481,14341,,,,,,T031,F009,test,new_island
IT000094,13759,1.4629815816879272,0.17888355255126953,0.006927791051566601,1.7605595588684082,True,T008,F010,train,seen_island_seen_forcing
IT000110,14374,1.9416776895523071,0.19411113858222961,0.20957404375076294,2.4367008209228516,True,T010,F002,train,seen_island_seen_forcing
IT000418,13887,2.2378792762756348,0.2655430734157562,0.0556124784052372,2.5491724014282227,True,T021,F014,validation,new_forcing
IT000154,14467,1.5161688327789307,0.1516147404909134,0.028607545420527458,1.7875550985336304,True,T013,F010,train,seen_island_seen_forcing
IT000535,14374,,,,,,T010,F019,test,new_forcing
IT000439,14382,2.102928876876831,0.29434892535209656,0.32000479102134705,2.3414177894592285,True,T026,F015,validation,new_both
IT000306,14382,2.430992841720581,0.28708675503730774,0.22860683500766754,2.989142894744873,True,T026,F006,validation,new_island
IT000370,13778,2.241631507873535,0.28736692667007446,0.03604023531079292,2.5538125038146973,True,T009,F014,validation,new_forcing
IT000608,14253,,,,,,T032,F020,test,new_both
IT000046,13832,1.4676564931869507,0.20254747569561005,0.031671199947595596,1.7858591079711914,True,T004,F010,train,seen_island_seen_forcing
IT000166,14208,1.4996592998504639,0.17136451601982117,0.012793471105396748,1.7845792770385742,True,T014,F010,train,seen_island_seen_forcing
IT000543,14089,,,,,,T012,F019,test,new_forcing
IT000570,13793,,,,,,T019,F018,test,new_forcing
IT000423,14064,2.0986111164093018,0.3419666886329651,0.2185085564851761,2.341156244277954,True,T022,F015,validation,new_forcing
IT000142,14089,1.4616336822509766,0.1793746054172516,0.05491276830434799,1.7601114511489868,True,T012,F010,train,seen_island_seen_forcing
IT000390,14208,2.286738395690918,0.25912269949913025,0.11458884179592133,2.557873249053955,True,T014,F014,validation,new_forcing
IT000143,14089,2.0457139015197754,0.40515831112861633,0.2964794337749481,2.6003715991973877,True,T012,F011,train,seen_island_seen_forcing
IT000171,13721,0.902468740940094,0.17456410825252533,0.09797066450119019,1.1100064516067505,True,T015,F003,train,seen_island_seen_forcing
IT000284,14414,1.0152283906936646,0.20203819870948792,0.005705974996089935,1.3251605033874512,True,T024,F008,train,seen_island_seen_forcing
IT000314,14172,1.9504284858703613,0.19289205968379974,0.0633714497089386,2.438075304031372,True,T027,F002,validation,new_island
IT000602,14341,,,,,,T031,F018,test,new_both
IT000127,14250,0.7157516479492188,0.10766863822937012,0.10579894483089447,0.8797745704650879,True,T011,F007,train,seen_island_seen_forcing
IT000207,14255,0.9810622930526733,0.12859371304512024,0.046882785856723785,1.165999412536621,True,T018,F003,train,seen_island_seen_forcing
IT000375,14374,2.0426933765411377,0.3221454322338104,0.425338476896286,2.3418402671813965,True,T010,F015,validation,new_forcing
IT000281,14414,1.0876210927963257,0.14677266776561737,0.3377641439437866,1.5136113166809082,True,T024,F005,train,seen_island_seen_forcing
IT000193,14061,1.8980785608291626,0.3696189820766449,0.3144059181213379,2.352642059326172,True,T017,F001,train,seen_island_seen_forcing
IT000494,14253,,,,,,T032,F010,test,new_island
IT000225,13793,1.1079798936843872,0.21401779353618622,0.07795452326536179,1.342795491218567,True,T019,F009,train,seen_island_seen_forcing
IT000277,14414,1.9519529342651367,0.28298628330230713,0.4336722195148468,2.3392584323883057,True,T024,F001,train,seen_island_seen_forcing
IT000333,14475,1.1413313150405884,0.1373077780008316,0.08048400282859802,1.3476777076721191,True,T028,F009,validation,new_island
IT000414,13974,2.178046941757202,0.24987320601940155,0.17852909862995148,2.521533489227295,True,T020,F014,validation,new_forcing
IT000542,14089,,,,,,T012,F018,test,new_forcing
IT000378,14250,2.2429263591766357,0.23252393305301666,0.11445076763629913,2.5187768936157227,True,T011,F014,validation,new_forcing
IT000174,13721,2.328061580657959,0.31778183579444885,0.14444418251514435,2.9464128017425537,True,T015,F006,train,seen_island_seen_forcing
IT000385,14467,0.8990086317062378,0.10286552459001541,0.14820560812950134,1.0088846683502197,True,T013,F013,validation,new_forcing
IT000361,14253,0.8753824830055237,0.1399589627981186,0.157657191157341,1.0613481998443604,True,T007,F013,validation,new_forcing
IT000593,14121,,,,,,T029,F017,test,new_both
IT000003,14463,0.9966258406639099,0.09436331689357758,0.0728599801659584,1.121662974357605,True,T001,F003,train,seen_island_seen_forcing
IT000073,14253,1.9868837594985962,0.31600916385650635,0.4273499846458435,2.33373761177063,True,T007,F001,train,seen_island_seen_forcing
IT000130,14250,1.4855518341064453,0.17284941673278809,0.013176482170820236,1.7716898918151855,True,T011,F010,train,seen_island_seen_forcing
IT000379,14250,2.066357135772705,0.2805023789405823,0.21358922123908997,2.341151714324951,True,T011,F015,validation,new_forcing
IT000158,14208,1.9354662895202637,0.187561497092247,0.07275696843862534,2.4263856410980225,True,T014,F002,train,seen_island_seen_forcing
IT000194,14061,1.9201983213424683,0.23543904721736908,0.17643101513385773,2.4347944259643555,True,T017,F002,train,seen_island_seen_forcing
IT000107,13778,2.090797185897827,0.37250006198883057,0.07840143144130707,2.6041018962860107,True,T009,F011,train,seen_island_seen_forcing
IT000286,14414,1.5047526359558105,0.17900122702121735,0.04738720506429672,1.7894456386566162,True,T024,F010,train,seen_island_seen_forcing
IT000363,14253,1.9501112699508667,0.30374908447265625,0.5144979953765869,2.3413615226745605,True,T007,F015,validation,new_forcing
IT000297,14363,1.1256579160690308,0.14204134047031403,0.08946964144706726,1.345288634300232,True,T025,F009,validation,new_island
IT000270,14374,2.448317289352417,0.33607739210128784,0.13765771687030792,3.071993589401245,True,T023,F006,train,seen_island_seen_forcing
IT000043,13832,0.6265921592712402,0.14404907822608948,0.17044292390346527,0.9292325377464294,True,T004,F007,train,seen_island_seen_forcing
IT000067,14122,0.7101045250892639,0.1260562390089035,0.1398584544658661,0.9665588140487671,True,T006,F007,train,seen_island_seen_forcing
IT000275,14374,2.193544387817383,0.3125274181365967,0.21986769139766693,2.600280284881592,True,T023,F011,train,seen_island_seen_forcing
IT000054,14328,2.436923027038574,0.28752613067626953,0.1284666657447815,2.991609811782837,True,T005,F006,train,seen_island_seen_forcing
IT000373,14374,0.8368280529975891,0.12806269526481628,0.19753508269786835,1.0783162117004395,True,T010,F013,validation,new_forcing
IT000021,14043,1.11649751663208,0.17620699107646942,0.0684514194726944,1.343138337135315,True,T002,F009,train,seen_island_seen_forcing
IT000501,14043,,,,,,T002,F017,test,new_forcing
IT000183,14084,0.984839677810669,0.13555142283439636,0.04131842032074928,1.1645013093948364,True,T016,F003,train,seen_island_seen_forcing
IT000159,14208,0.953917920589447,0.14507193863391876,0.08542802929878235,1.1481437683105469,True,T014,F003,train,seen_island_seen_forcing
IT000307,14382,0.6695595383644104,0.10453185439109802,0.22030644118785858,0.9810407161712646,True,T026,F007,validation,new_island
IT000177,13721,1.0966060161590576,0.21064989268779755,0.08788430690765381,1.342937707901001,True,T015,F009,train,seen_island_seen_forcing
IT000058,14328,1.5176348686218262,0.1856711059808731,0.014880280941724777,1.7917917966842651,True,T005,F010,train,seen_island_seen_forcing
IT000346,14212,2.2110025882720947,0.2652418315410614,0.24290424585342407,2.529142141342163,True,T003,F014,validation,new_forcing
IT000358,14122,2.2412617206573486,0.2928672730922699,0.15548036992549896,2.547698497772217,True,T006,F014,validation,new_forcing
IT000070,14122,1.4670932292938232,0.16313505172729492,0.041465505957603455,1.7226903438568115,True,T006,F010,train,seen_island_seen_forcing
IT000274,14374,1.512184500694275,0.19052289426326752,0.014705870300531387,1.7914636135101318,True,T023,F010,train,seen_island_seen_forcing
IT000128,14250,1.009404182434082,0.20706798136234283,0.0008606541668996215,1.313396692276001,True,T011,F008,train,seen_island_seen_forcing
