forcing_id,forcing_split,family,planned,actual,unconverged,missing,forcing_file,wave_age,maximum_steepness,mean_hs_m,mean_tp_s,maximum_wind_speed_mps,mean_direction_deg,mean_wind_speed_mps,wave_hs_min_m,wave_hs_max_m,wave_tp_min_s,wave_tp_max_s
F001,train,swell_no_wind,32,32,0,0,forcings/F001.npz,0.0,0.014183805877976777,2.3426587620068426,10.743781010865929,0.0,159.8003391958177,0.0,2.1382860849687315,2.5470314390449538,10.72447877216335,10.763083249568508
F002,train,aligned_windsea,32,32,0,0,forcings/F002.npz,1.0865423574614188,0.02660100201057397,2.166895645345636,7.2037314655645215,11.246998611703624,74.18535210448292,10.351421495627989,1.798468402684411,2.5443418586593314,6.580484015575316,7.826978915553726
F003,train,swell_weak_wind,32,32,0,0,forcings/F003.npz,0.0,0.009155684308608539,1.1193990435105765,9.593620135018579,3.344258794068786,253.6107955443254,3.020030866530734,0.999221320829735,1.2395767661914179,9.312080881075339,9.87515938896182
F004,train,wind_only,32,0,0,32,forcings/F004.npz,0.0,0.0,0.0,8.0,9.767283995459827,337.77983040062,9.286081381177818,0.0,0.0,8.0,8.0
F005,train,swell_no_wind,32,32,0,0,forcings/F005.npz,0.0,0.0061495790800769395,1.2567033578426547,12.196517501836674,0.0,270.309722462983,0.0,1.1199031988381254,1.393503516847184,12.047218014847177,12.345816988826172
F006,train,aligned_windsea,32,32,0,0,forcings/F006.npz,0.908556113100931,0.020095449617102502,2.074590824397493,8.109480136000172,15.366474310386884,185.2167225681981,13.935751663011034,1.6614279249834945,2.508768376524395,7.2769152934581145,8.942044978542233
F007,train,swell_weak_wind,32,32,0,0,forcings/F007.npz,0.0,0.0035029865304054652,0.8057825341552571,13.230191128229617,2.2560175581867385,237.8605673071948,1.996350826458436,0.7009738430400627,0.9105912252704514,12.903214807656479,13.557167448802753
F008,train,wind_only,32,14,0,18,forcings/F008.npz,0.0,0.0,0.0,8.0,11.545017961357619,313.6673252287896,10.71346188916539,0.0,0.0,8.0,8.0
F009,train,swell_no_wind,32,32,0,0,forcings/F009.npz,0.0,0.011488594043819864,1.2863683832404313,9.079111704727564,0.0,4.777171847576639,0.0,1.151895304216938,1.4208414622639247,8.90009822358158,9.25812518587355
F010,train,aligned_windsea,32,32,0,0,forcings/F010.npz,0.8304929158328038,0.026060653075929866,1.307973517182129,5.658173681085658,11.545185380997994,135.31186570381624,10.637252810726816,1.089765405554929,1.5345104201430468,5.175225662013635,6.141121700157682
F011,train,swell_weak_wind,32,32,0,0,forcings/F011.npz,0.0,0.019206827786428227,2.350178036750493,9.572786282430823,3.319636916225727,102.70726668750939,3.001814455228677,2.1013487441470784,2.599007329353908,9.309607290436556,9.835965274425089
F012,train,wind_only,32,0,0,32,forcings/F012.npz,0.0,0.0,0.0,8.0,13.956948522606583,35.86122486239631,12.188910970260546,0.0,0.0,8.0,8.0
F013,validation,swell_no_wind,28,28,0,0,forcings/F013.npz,0.0,0.005524603827742587,0.9539062238474965,10.690393043868987,0.0,208.52245603779545,0.0,0.8986939206245114,1.0091185270704817,10.42710016183369,10.953685925904283
F014,validation,aligned_windsea,28,28,0,0,forcings/F014.npz,1.1001109090386967,0.019147293120201105,1.8716403945398228,7.885851554052195,12.353301654580472,148.7926089498528,11.191834135534355,1.4932234566242453,2.2649430290798147,7.067472695937206,8.704230412167183
F015,validation,swell_weak_wind,28,28,0,0,forcings/F015.npz,0.0,0.013222777070081944,2.116459722263234,10.437725658325528,1.976360054934541,10.779731999413766,1.7866016021581501,1.8916663929753363,2.341253051551131,10.226219753065639,10.649231563585417
F016,validation,wind_only,28,0,0,28,forcings/F016.npz,0.0,0.0,0.0,8.0,7.275081153207822,358.8276594501266,6.74647955701651,0.0,0.0,8.0,8.0
F017,test,swell_no_wind,28,28,0,0,forcings/F017.npz,0.0,0.010485129515678765,2.031672275354005,11.439910021785339,0.0,266.64350713498993,0.0,1.7911319641845962,2.2722125865234135,11.098525567731299,11.78129447583938
F018,test,aligned_windsea,28,28,0,0,forcings/F018.npz,1.0794242467353097,0.02128661482406426,1.283948381267404,6.198477292524569,9.892989801972783,345.66463252518923,8.965654199087586,1.0264368421672123,1.5547369638660278,5.55735634926775,6.839598235781385
F019,test,swell_weak_wind,28,28,0,0,forcings/F019.npz,0.0,0.00834135200562252,1.7434454306525848,11.89683625738781,1.6027911192344748,126.05295196615313,1.4906386719453886,1.6122723466298285,1.8746185146753411,11.796092443327316,11.9975800714483
F020,test,wind_only,28,4,4,24,forcings/F020.npz,0.0,0.0,0.0,8.0,12.305531037000865,38.6951845907062,11.326937257452471,0.0,0.0,8.0,8.0
