group,region,n,rmse_m,bias_m,mae_m,baseline_rmse_m
all,all,1719482,0.4842387164393339,-0.2565627615947272,0.35833576261472533,0.3317089348868466
new_island,all,530891,0.10957161855582573,0.06906093415320032,0.09060645561910997,0.34204064845944526
F001,all,57392,0.12514828822657104,0.016512327486608133,0.08816330493221401,0.46265564781780255
all,depth_lt20m,45029,0.48120412620264846,-0.2410331230370162,0.38468724719848757,0.5688153143485137
new_island,depth_lt20m,12350,0.21979578699921543,-0.046085811750567425,0.15492890330368977,0.5904027177218881
F001,depth_lt20m,1326,0.3098553071611461,-0.18177272107446535,0.22957360034255062,0.7927250277724333
all,depth20to80m,150518,0.46464422022756086,-0.26655183743580196,0.3607248834765245,0.46205044363201103
new_island,depth20to80m,44534,0.13909583475003123,-0.0019935302818801753,0.09701669044371389,0.48773851080309566
F001,depth20to80m,4769,0.2232062067661203,-0.11692014120364494,0.15773696777805088,0.7526889463407161
all,depth_ge80m,1523935,0.48622022546815785,-0.2560350149238838,0.3573211611434037,0.30578277852444585
new_island,depth_ge80m,474007,0.10183458045819117,0.07873674449157803,0.08832831283517752,0.3155938451107002
F001,depth_ge80m,51297,0.10202664261410926,0.03404289296949798,0.07803977237035069,0.41299966744331906
all,edge5nodes,280720,0.481684719832733,-0.21268966106866796,0.35009243218858754,0.2582925922083877
new_island,edge5nodes,85840,0.11897302316270691,0.0900025088972415,0.10093997420586617,0.27723975408903406
F001,edge5nodes,9280,0.12524667576323423,0.08114384593891687,0.09664726631137832,0.341305031602083
all,interior,1438762,0.48473546339149337,-0.2651229381768689,0.359944136840084,0.3442125056179889
new_island,interior,445051,0.10766390630983334,0.06502179082798928,0.08861335991662385,0.35317408648971677
F001,interior,48112,0.12512930201666972,0.004045988709641367,0.0865268906987869,0.4825641483611692
F002,all,57392,0.11409874588007145,0.07745863468404927,0.09891806857055196,0.3029146886213914
F002,depth_lt20m,1326,0.21360856468302092,-0.08184831627949421,0.1593898693085571,0.8696542475336183
F002,depth20to80m,4769,0.13597139856073617,-0.033303401347200536,0.0958174569448302,0.5112989995456845
F002,depth_ge80m,51297,0.1080141716993657,0.09187400335688957,0.09764316378205502,0.24249821731676763
F002,edge5nodes,9280,0.11706787866747179,0.08431970758427834,0.10160165828620565,0.22819002575822828
F002,interior,48112,0.11351711588597492,0.07613524849112181,0.098400449004513,0.31529699309938997
F003,all,57392,0.11471866225610529,0.10459278888778685,0.10786247575694007,0.2080324591387942
F003,depth_lt20m,1326,0.1464837645458841,0.06380956583455497,0.11985581763212318,0.3832482991488481
F003,depth20to80m,4769,0.0916300577271868,0.06491953298890084,0.08101048240698616,0.3319826198490605
F003,depth_ge80m,51297,0.11571009043665527,0.10933537249209846,0.11004884113814047,0.1854093266437559
F003,edge5nodes,9280,0.11896786769320712,0.10623748673061872,0.10833832751959563,0.1353965054240395
F003,interior,48112,0.1138808229600918,0.10427555418581062,0.10777069191179865,0.21929211862903275
F005,all,57392,0.0870870649897677,0.06647880318212931,0.07623391399216628,0.24066530843373243
F005,depth_lt20m,1326,0.16427642633736336,-0.03389798327269058,0.1250601990729975,0.3584338376927398
F005,depth20to80m,4769,0.11613160443496201,0.08491252611132882,0.10009241239733105,0.3898902763785871
F005,depth_ge80m,51297,0.08083238452407572,0.06735973567700695,0.0727536942344531,0.21759630791309828
F005,edge5nodes,9280,0.08840486929373106,0.04855251829942753,0.07517565084171707,0.1570283653913147
F005,interior,48112,0.08683058174604863,0.06993648367164279,0.07643803525164768,0.25364434066171454
F006,all,57392,0.09987458108429416,0.043582009346436495,0.0735949779998803,0.43346443472258667
F006,depth_lt20m,1326,0.2392602522889633,-0.07972393859722855,0.16199886538706393,0.5779893655904494
F006,depth20to80m,4769,0.16580812188012478,-0.06370193264873854,0.0954204897981541,0.3964887448792328
F006,depth_ge80m,51297,0.0844064518123614,0.056743418519454206,0.06928070191275292,0.4323953707261646
F006,edge5nodes,9280,0.1117510429361104,0.08299125475359374,0.09166224916176549,0.3883745299080822
F006,interior,48112,0.0974173811042165,0.03598062513088904,0.07011010361547942,0.4416322251468037
F007,all,57392,0.09420280800312066,0.06572197316809533,0.08139562576784354,0.16439577580495024
F007,depth_lt20m,1326,0.16062382321604016,-0.012424160626634035,0.12770728767480066,0.2088671115263428
F007,depth20to80m,4769,0.1162489814147736,0.024950707082504447,0.10258535996726234,0.25042855588658147
F007,depth_ge80m,51297,0.08947236212285928,0.0715324482713956,0.07822851841096783,0.1525745099338667
F007,edge5nodes,9280,0.11538952676985076,0.10282927335978582,0.1041430350007682,0.1092357265872712
F007,interior,48112,0.08954136820390327,0.05856459567851087,0.07700803103718298,0.17302387121057344
F008,all,14363,0.14841372210196221,0.12996338709554406,0.13173300994030834,1.0329998580348672
F008,depth_lt20m,416,0.22844267760266937,0.15522600734066844,0.1605867132619516,0.8863006307606454
F008,depth20to80m,1613,0.10498975957440242,0.08432157695182568,0.09182986260495124,1.0206266055391104
F008,depth_ge80m,12334,0.14982809249285284,0.13508021778630502,0.13597823744721022,1.0391863038236753
F008,edge5nodes,2320,0.17162450391827855,0.14126658274108195,0.14598107146731967,0.9529412234632969
F008,interior,12043,0.1435117259417234,0.12778590524736272,0.12898822020829256,1.0477200749396147
F009,all,57392,0.11273988451328262,0.09311692112540618,0.10085176788221142,0.22347077791922632
F009,depth_lt20m,1326,0.15969304589763583,-0.02180529278485304,0.12108597088026425,0.4883427379475241
F009,depth20to80m,4769,0.08905931193042742,0.04453570557405524,0.0719971592745258,0.3822834329115321
F009,depth_ge80m,51297,0.1132426415773756,0.10060411672377248,0.10301129134897624,0.19005749526636007
F009,edge5nodes,9280,0.1288939469747,0.10307878076002516,0.11046911334169322,0.16068501341956276
F009,interior,48112,0.10934983843473714,0.09119544504024522,0.09899674281852687,0.23364811057180748
F010,all,57392,0.09631569295935273,0.07290601054738619,0.07951452741736288,0.23533442672173097
F010,depth_lt20m,1326,0.13935639577425027,0.03266269286467973,0.10160317822453618,0.39037888457737796
F010,depth20to80m,4769,0.07299251807903433,-0.0024757168032533594,0.053102321783734904,0.21825991062609007
F010,depth_ge80m,51297,0.09685877835488417,0.0809543973337961,0.0813990481046635,0.23150503175009146
F010,edge5nodes,9280,0.11893262844247017,0.09879859038468065,0.10025237462130086,0.2035492130525008
F010,interior,48112,0.09131104693629656,0.0679117650184102,0.07551454358687268,0.24098343517781376
F011,all,57392,0.12363018452641474,0.06593740822169394,0.09863105081702038,0.2964961780616886
F011,depth_lt20m,1326,0.33988970311392736,-0.162928800945638,0.24631034200772262,0.7559483150605013
F011,depth20to80m,4769,0.18024164121287242,-0.050053069478537104,0.11714188389919118,0.604356719004874
F011,depth_ge80m,51297,0.10532785148256141,0.08263692635157063,0.09309269763676142,0.22277106458559068
F011,edge5nodes,9280,0.12507627278546077,0.0892551038028865,0.10890981845300773,0.20586172278201215
F011,interior,48112,0.12334930794351744,0.061439814793994685,0.09664844847951701,0.31095359667260897
new_forcing,all,1016415,0.5747283306952015,-0.3979853813447114,0.4749611226954281,0.3280391608801365
F013,all,396197,0.2149741859838111,0.06344888407010561,0.16267448134762394,0.17260776512093803
new_forcing,depth_lt20m,28701,0.5373593827259119,-0.3057445922378364,0.46199500313498104,0.5727106986102383
F013,depth_lt20m,10893,0.2883127270979412,0.20937547900270334,0.24024881416466473,0.3550777355677734
new_forcing,depth20to80m,91677,0.540939571166332,-0.373125745004745,0.4662581902800559,0.45760459063579717
F013,depth20to80m,35328,0.23396144661926366,0.09707132023596796,0.18436097096243917,0.3054881263465325
new_forcing,depth_ge80m,896037,0.5792242352077837,-0.4034834352966079,0.47626687160149833,0.30022604578774226
F013,depth_ge80m,349976,0.21024893328838373,0.05551293468080928,0.15807085849209035,0.1427710915532601
new_forcing,edge5nodes,167040,0.5709733340422974,-0.3436214983620292,0.45837106511453557,0.24969473844562848
F013,edge5nodes,64960,0.25241833253662443,0.15558991619372015,0.17970066962974707,0.09814418025784356
new_forcing,interior,849375,0.5754639136731828,-0.4086767049808288,0.47822376077438294,0.3413371689032159
F013,interior,331237,0.20683737193979468,0.04537879695196965,0.15933541840837886,0.18370441866539977
F014,all,396197,0.5497114282309178,-0.49077319111085527,0.49206002773914287,0.4527246764446108
F014,depth_lt20m,10893,0.5285080771495229,-0.48082684582879226,0.4904163269183994,0.5441714500620944
F014,depth20to80m,35328,0.6084719082843807,-0.5853529704272397,0.5853613792307863,0.405373220893406
F014,depth_ge80m,349976,0.5440812808186746,-0.48153550365648207,0.4826929702481823,0.45411866837536663
F014,edge5nodes,64960,0.5051398066894731,-0.4086014002524867,0.4146284510643024,0.39010314555491504
F014,interior,331237,0.5580351281500863,-0.5068881768587024,0.5072453941710259,0.4640154443215567
F015,all,396197,0.8081969814903193,-0.7786890621315342,0.7790212789232591,0.2932778268533332
F015,depth_lt20m,10893,0.7348365713282243,-0.6726706126207388,0.6838864148060508,0.7211644364098696
F015,depth20to80m,35328,0.685908684865835,-0.6448724935357661,0.6448792892683676,0.5933509068572748
F015,depth_ge80m,349976,0.8216746860683517,-0.7954968738268288,0.7955231884409311,0.2136470499246934
F015,edge5nodes,64960,0.8155201304685351,-0.7850435808879034,0.7851853524917379,0.157873842001885
F015,interior,331237,0.8067530176094738,-0.7774428561267288,0.7778124217635567,0.31303674584969554
new_both,all,172176,0.5956498348458,-0.42573045863805953,0.4953775927988495,0.32071781916582254
new_both,depth_lt20m,3978,0.6227236148461877,-0.3793728457255286,0.5402190832888484,0.46236120723797136
new_both,depth20to80m,14307,0.5797194851286768,-0.4071448007820495,0.5053396664985306,0.4046536908778593
new_both,depth_ge80m,153891,0.5963948359873189,-0.4286566569934668,0.4932923062155499,0.3071357961153562
new_both,edge5nodes,27840,0.5829495082032028,-0.36039949470338806,0.46864071341295693,0.24826325853655262
new_both,interior,144336,0.5980684890996754,-0.43833170874850497,0.5005346895876149,0.33288374139036053
