epoch,train_loss,validation_loss,validation_rmse_m,seconds
1,0.016040624847888155,0.012066117725783037,0.5492294084848115,1.7380902990698814
2,0.005087803677156792,0.011131909109582474,0.5275393139279403,1.0353823639452457
3,0.0036188459416881553,0.011216421360122162,0.5295380382966403,1.0722292177379131
4,0.00266933410258877,0.01129683411446563,0.5314328300562929,1.0750328190624714
5,0.0021576057111861798,0.012902370894320255,0.5679430185837364,1.064473383128643
6,0.0019379295309279573,0.010419415718331434,0.510377696376209,1.0629875548183918
7,0.0016949142776973808,0.011410400725103189,0.5340973863702946,1.0992025397717953
8,0.0013811996185201505,0.011163985098224145,0.5282988050862917,1.048043668270111
9,0.0012220496137526843,0.010407135640699297,0.5100768481488671,1.1499956138432026
10,0.0010622934206162586,0.010545596079937629,0.513458763678682,1.1166760884225368
11,0.0009622375111832371,0.011326768431673557,0.5321364588071738,1.1109770983457565
12,0.0008214913131516182,0.010487434918513209,0.5120408899324645,1.0606077536940575
13,0.0007110700375620725,0.01189148390714013,0.5452404035638805,1.0357497818768024
14,0.0005974571930542562,0.011282175774601394,0.5310879346822284,1.1207492910325527
15,0.0005487744653185542,0.01218338108580435,0.5518917712243123,1.106073945760727
16,0.0004393331579582712,0.010179089877813968,0.5044573787202931,1.0801597200334072
17,0.0003944257185554704,0.010585197937010965,0.5144219556213305,1.0775986947119236
18,0.00033269764036481463,0.010706115568635356,0.5173518041100117,1.0553018189966679
19,0.00031186095706875954,0.01105923991263405,0.5258146040343985,1.0566501505672932
20,0.0002850152437470167,0.011290221313474772,0.5312772654997288,1.0803645364940166
21,0.00023936443114822267,0.011559785065843802,0.5375822045474488,1.095998853445053
22,0.0002081787815674553,0.010291604231989345,0.5072377211916851,1.0599463358521461
23,0.00019080171721943718,0.01163525381789149,0.5393341686258041,1.102222677320242
24,0.00018327074904285218,0.010446945746455596,0.511051507835942,1.0689796470105648
25,0.000186902125574361,0.010314962094523393,0.5078130092495513,1.05148097127676
26,0.0001607081991953358,0.011426199956530632,0.5344670232233845,1.047161541879177
27,0.00018754865255362225,0.010531529859271577,0.5131162114782474,1.0518570318818092
28,0.00015794503241020263,0.010621623991038586,0.515306316452617,1.046167939901352
29,0.0001388114826106352,0.011236792066962516,0.5300186804953793,1.0543759800493717
30,0.00012428669786426573,0.010644242858843286,0.5158546999602525,1.0415229126811028
31,0.00013535942762488704,0.011552876633933777,0.537421543900451,1.0258853361010551
32,0.00011637758075585876,0.01037942499280777,0.5093973152856169,1.0358694158494473
33,0.0001142109977696107,0.010519386515718893,0.5128203027308614,1.0754223242402077
34,0.00011145660618622545,0.010702040011221164,0.5172533231217844,1.0308485515415668
35,0.00010458262213427421,0.011283886950780512,0.5311282084106556,1.0613322742283344
36,0.00010496530765291707,0.011377518228212589,0.5333272501057064,1.0229052305221558
37,0.00010192399285810551,0.01089562365737052,0.521910520524604,1.0593347661197186
38,0.00011259634676529099,0.010682476507567587,0.5167803331099101,1.022280741482973
39,0.00011763037783616754,0.01149258991326674,0.5360174883636433,1.020410731434822
40,9.485909385675862e-05,0.011494703627344833,0.5360667781943037,1.0209519639611244
41,8.607210843928824e-05,0.011261538456836738,0.5306019802270987,1.0393327809870243
42,7.336738365823253e-05,0.011504267809141478,0.5362897493226372,1.0385806746780872
43,8.036761612222556e-05,0.011309703527022732,0.53173544942534,1.0183949209749699
44,7.158088533290718e-05,0.011449485622388771,0.5350113461971805,1.038934737443924
45,7.578745809836363e-05,0.010834408868243993,0.5204423327383157,1.0545546747744083
46,8.48171155362897e-05,0.010774027809107745,0.5189900723787437,1.051778431981802
47,8.141004598454352e-05,0.011126096983087431,0.5274015780950848,1.014883428812027
48,7.539344818755947e-05,0.0117834968136137,0.5427590813061929,1.0336507186293602
49,8.055501488894777e-05,0.011180371731223807,0.5286863846181356,1.078160848468542
50,7.817837550477245e-05,0.011159000551416933,0.5281808532930963,1.0337053909897804
51,8.012444199034137e-05,0.01077860524704121,0.5191003093584421,1.0005705282092094
52,9.89693629577469e-05,0.010960215858158111,0.5234552478043876,1.0115960277616978
53,9.78018412922411e-05,0.010443784047641892,0.5109741688099774,1.0378281846642494
54,8.268999801687637e-05,0.012051258101575885,0.5488911117329166,1.019342303276062
55,8.366203911860508e-05,0.01175481763892209,0.5420981838865099,1.0188587307929993
56,6.67779264210855e-05,0.010564929524708772,0.5139292150848396,1.0315485037863255
57,6.307619823028842e-05,0.011510724298639393,0.5364402179795851,1.028046928346157
58,5.715232532872099e-05,0.011040208868490201,0.5253619911187476,1.0127642899751663
59,6.809633486050593e-05,0.010848320007162387,0.5207763437206606,1.0296430066227913
60,5.581899840738912e-05,0.01114446954702726,0.5278368485390931,1.0392345674335957
61,6.188281893971562e-05,0.011800847041032321,0.5431585183220531,1.0451654121279716
62,7.106143214797823e-05,0.011525014950890412,0.5367731120056781,1.0410848632454872
63,7.769082681129698e-05,0.012241387520340985,0.5532040202389392,1.0458282604813576
64,0.0001696871754947251,0.012501606034845432,0.5590529052523883,1.0608109571039677
65,0.0002864320294157536,0.009369548456795437,0.483982139567036,1.0227261930704117
66,0.0004470138184829427,0.011359144867552769,0.5328964455584398,1.0694223530590534
67,0.00027662213620782846,0.011862155531398565,0.5445676158981216,1.0253325775265694
68,0.00010886302543035344,0.010877961177307459,0.5214873243259959,1.0133771635591984
69,7.940173683991534e-05,0.010880476765483758,0.5215476192420918,1.0181414671242237
70,5.767132225048155e-05,0.011571868479768726,0.5378630978178538,1.0453972555696964
71,6.078081770356813e-05,0.011965313478165165,0.546930376697189,1.037497404962778
72,5.9804459040363526e-05,0.01139521496036147,0.533741860836338,1.0305692479014397
73,5.524737846637486e-05,0.011976655978117545,0.5471895461838965,1.0048073194921017
74,5.012393638080491e-05,0.01152087955527812,0.5366768011400838,1.0473466962575912
75,4.729213625769276e-05,0.011803343378623859,0.5432159648478646,1.0418985448777676
76,5.3144905106617474e-05,0.010851331155514066,0.5208486141748403,1.05067590624094
77,6.13130816190934e-05,0.011392755546124166,0.5336842593267148,1.0515916980803013
78,4.847217111328188e-05,0.011302006651407603,0.531554481013179,1.1060774624347687
79,4.535217208746051e-05,0.01146124558266985,0.5352860352809012,1.068720307201147
80,4.308739166121555e-05,0.011514547263453925,0.5365292923842538,1.0396001487970352
